validate (windows-latest)	Static checks	﻿2026-10-08T01:02:55.7024765Z ##[group]Run cargo clippy --all-targets --locked -- -D warnings
validate (windows-latest)	Static checks	2026-10-08T01:02:55.7025596Z cargo clippy --all-targets --locked -- -D warnings
validate (windows-latest)	Static checks	2026-10-08T01:02:55.7096517Z shell: C:\Program Files\PowerShell\7\pwsh.EXE -command ". '{0}'"
validate (windows-latest)	Static checks	2026-10-08T01:02:55.7096871Z env:
validate (windows-latest)	Static checks	2026-10-08T01:02:55.7097063Z   CARGO_HOME: C:\Users\runneradmin\.cargo
validate (windows-latest)	Static checks	2026-10-08T01:02:55.7097339Z   CARGO_INCREMENTAL: 0
validate (windows-latest)	Static checks	2026-10-08T01:02:55.7097541Z   CARGO_TERM_COLOR: always
validate (windows-latest)	Static checks	2026-10-08T01:02:55.7097745Z ##[endgroup]
validate (windows-latest)	Static checks	2026-10-08T01:02:58.1574455Z     Updating crates.io index
validate (windows-latest)	Static checks	2026-10-08T01:02:58.7464521Z  Downloading crates ...
validate (windows-latest)	Static checks	2026-10-08T01:02:58.8848733Z   Downloaded anstyle v1.0.14
validate (windows-latest)	Static checks	2026-10-08T01:02:58.8981759Z   Downloaded utf8parse v0.2.2
validate (windows-latest)	Static checks	2026-10-08T01:02:58.9072148Z   Downloaded anstream v1.0.0
validate (windows-latest)	Static checks	2026-10-08T01:02:58.9283235Z   Downloaded anstyle-query v1.1.5
validate (windows-latest)	Static checks	2026-10-08T01:02:58.9381355Z   Downloaded fallible-streaming-iterator v0.1.9
validate (windows-latest)	Static checks	2026-10-08T01:02:58.9471935Z   Downloaded anstyle-wincon v3.0.11
validate (windows-latest)	Static checks	2026-10-08T01:02:58.9605998Z   Downloaded block-buffer v0.10.4
validate (windows-latest)	Static checks	2026-10-08T01:02:58.9761459Z   Downloaded cfg-if v1.0.5
validate (windows-latest)	Static checks	2026-10-08T01:02:58.9902760Z   Downloaded colorchoice v1.0.5
validate (windows-latest)	Static checks	2026-10-08T01:02:59.0019309Z   Downloaded generic-array v0.14.7
validate (windows-latest)	Static checks	2026-10-08T01:02:59.0179545Z   Downloaded heck v0.5.0
validate (windows-latest)	Static checks	2026-10-08T01:02:59.0366816Z   Downloaded anstyle-parse v1.0.0
validate (windows-latest)	Static checks	2026-10-08T01:02:59.0520761Z   Downloaded fs2 v0.4.3
validate (windows-latest)	Static checks	2026-10-08T01:02:59.0638644Z   Downloaded once_cell_polyfill v1.70.2
validate (windows-latest)	Static checks	2026-10-08T01:02:59.0744404Z   Downloaded phf_shared v0.12.1
validate (windows-latest)	Static checks	2026-10-08T01:02:59.0904631Z   Downloaded is_terminal_polyfill v1.70.2
validate (windows-latest)	Static checks	2026-10-08T01:02:59.0996016Z   Downloaded tree-sitter-language v0.1.8
validate (windows-latest)	Static checks	2026-10-08T01:02:59.1217354Z   Downloaded same-file v1.0.6
validate (windows-latest)	Static checks	2026-10-08T01:02:59.1419391Z   Downloaded itoa v1.0.18
validate (windows-latest)	Static checks	2026-10-08T01:02:59.1574621Z   Downloaded cpufeatures v0.2.17
validate (windows-latest)	Static checks	2026-10-08T01:02:59.1720888Z   Downloaded strsim v0.11.1
validate (windows-latest)	Static checks	2026-10-08T01:02:59.1886507Z   Downloaded siphasher v1.0.4
validate (windows-latest)	Static checks	2026-10-08T01:02:59.2038069Z   Downloaded winapi-util v0.1.11
validate (windows-latest)	Static checks	2026-10-08T01:02:59.2182644Z   Downloaded windows-link v0.2.1
validate (windows-latest)	Static checks	2026-10-08T01:02:59.2273301Z   Downloaded clap_lex v1.1.1
validate (windows-latest)	Static checks	2026-10-08T01:02:59.2414221Z   Downloaded version_check v0.9.5
validate (windows-latest)	Static checks	2026-10-08T01:02:59.2537543Z   Downloaded crypto-common v0.1.7
validate (windows-latest)	Static checks	2026-10-08T01:02:59.2652376Z   Downloaded equivalent v1.0.2
validate (windows-latest)	Static checks	2026-10-08T01:02:59.2831203Z   Downloaded serde_spanned v1.1.1
validate (windows-latest)	Static checks	2026-10-08T01:02:59.2947815Z   Downloaded foldhash v0.2.0
validate (windows-latest)	Static checks	2026-10-08T01:02:59.3068745Z   Downloaded autocfg v1.5.1
validate (windows-latest)	Static checks	2026-10-08T01:02:59.3266544Z   Downloaded fallible-iterator v0.3.0
validate (windows-latest)	Static checks	2026-10-08T01:02:59.3429309Z   Downloaded phf v0.12.1
validate (windows-latest)	Static checks	2026-10-08T01:02:59.3566207Z   Downloaded quote v1.0.47
validate (windows-latest)	Static checks	2026-10-08T01:02:59.3901366Z   Downloaded shlex v2.0.1
validate (windows-latest)	Static checks	2026-10-08T01:02:59.4023924Z   Downloaded toml_datetime v0.7.5+spec-1.1.0
validate (windows-latest)	Static checks	2026-10-08T01:02:59.4132131Z   Downloaded digest v0.10.7
validate (windows-latest)	Static checks	2026-10-08T01:02:59.4372923Z   Downloaded streaming-iterator v0.1.9
validate (windows-latest)	Static checks	2026-10-08T01:02:59.4487419Z   Downloaded toml_writer v1.1.2+spec-1.1.0
validate (windows-latest)	Static checks	2026-10-08T01:02:59.4600522Z   Downloaded zmij v1.0.23
validate (windows-latest)	Static checks	2026-10-08T01:02:59.4795476Z   Downloaded globset v0.4.20
validate (windows-latest)	Static checks	2026-10-08T01:02:59.4922952Z   Downloaded fastrand v2.5.0
validate (windows-latest)	Static checks	2026-10-08T01:02:59.5048515Z   Downloaded find-msvc-tools v0.1.14
validate (windows-latest)	Static checks	2026-10-08T01:02:59.5249891Z   Downloaded hashlink v0.12.2
validate (windows-latest)	Static checks	2026-10-08T01:02:59.5468674Z   Downloaded unicode-ident v1.0.26
validate (windows-latest)	Static checks	2026-10-08T01:02:59.5790703Z   Downloaded walkdir v2.5.0
validate (windows-latest)	Static checks	2026-10-08T01:02:59.5960648Z   Downloaded toml_parser v1.1.3+spec-1.1.0
validate (windows-latest)	Static checks	2026-10-08T01:02:59.6861183Z   Downloaded crossbeam-utils v0.8.23
validate (windows-latest)	Static checks	2026-10-08T01:02:59.7144865Z   Downloaded smallvec v1.16.2
validate (windows-latest)	Static checks	2026-10-08T01:02:59.7272257Z   Downloaded sha2 v0.10.9
validate (windows-latest)	Static checks	2026-10-08T01:02:59.7669539Z   Downloaded tempfile v3.27.0
validate (windows-latest)	Static checks	2026-10-08T01:02:59.7939051Z   Downloaded crossbeam-deque v0.8.8
validate (windows-latest)	Static checks	2026-10-08T01:02:59.8089360Z   Downloaded pkg-config v0.3.34
validate (windows-latest)	Static checks	2026-10-08T01:02:59.8255240Z   Downloaded once_cell v1.21.4
validate (windows-latest)	Static checks	2026-10-08T01:02:59.9076521Z   Downloaded bitflags v2.13.2
validate (windows-latest)	Static checks	2026-10-08T01:02:59.9598936Z   Downloaded getrandom v0.4.3
validate (windows-latest)	Static checks	2026-10-08T01:03:00.0039452Z   Downloaded num-traits v0.2.19
validate (windows-latest)	Static checks	2026-10-08T01:03:00.0387779Z   Downloaded ryu v1.0.23
validate (windows-latest)	Static checks	2026-10-08T01:03:00.0782518Z   Downloaded crossbeam-epoch v0.9.21
validate (windows-latest)	Static checks	2026-10-08T01:03:00.1058028Z   Downloaded proc-macro2 v1.0.107
validate (windows-latest)	Static checks	2026-10-08T01:03:00.1393185Z   Downloaded serde_yaml_ng v0.10.0
validate (windows-latest)	Static checks	2026-10-08T01:03:00.1807634Z   Downloaded log v0.4.34
validate (windows-latest)	Static checks	2026-10-08T01:03:00.2062445Z   Downloaded clap_derive v4.6.7
validate (windows-latest)	Static checks	2026-10-08T01:03:00.2306673Z   Downloaded toml v0.9.12+spec-1.1.0
validate (windows-latest)	Static checks	2026-10-08T01:03:00.2725315Z   Downloaded clap v4.6.7
validate (windows-latest)	Static checks	2026-10-08T01:03:00.4027450Z   Downloaded uuid v1.27.0
validate (windows-latest)	Static checks	2026-10-08T01:03:00.4321127Z   Downloaded serde_core v1.0.229
validate (windows-latest)	Static checks	2026-10-08T01:03:00.4598880Z   Downloaded serde_derive v1.0.229
validate (windows-latest)	Static checks	2026-10-08T01:03:00.4928012Z   Downloaded unsafe-libyaml v0.2.11
validate (windows-latest)	Static checks	2026-10-08T01:03:00.5308609Z   Downloaded ignore v0.4.33
validate (windows-latest)	Static checks	2026-10-08T01:03:00.5511468Z   Downloaded memchr v2.8.3
validate (windows-latest)	Static checks	2026-10-08T01:03:00.6048154Z   Downloaded serde v1.0.229
validate (windows-latest)	Static checks	2026-10-08T01:03:00.6372250Z   Downloaded typenum v1.20.1
validate (windows-latest)	Static checks	2026-10-08T01:03:00.6628143Z   Downloaded indexmap v2.14.2
validate (windows-latest)	Static checks	2026-10-08T01:03:00.7041568Z   Downloaded cc v1.6.0
validate (windows-latest)	Static checks	2026-10-08T01:03:00.7355123Z   Downloaded serde_json v1.0.151
validate (windows-latest)	Static checks	2026-10-08T01:03:00.8172905Z   Downloaded hashbrown v0.17.1
validate (windows-latest)	Static checks	2026-10-08T01:03:00.8615085Z   Downloaded regex v1.13.1
validate (windows-latest)	Static checks	2026-10-08T01:03:00.9133380Z   Downloaded chrono v0.4.45
validate (windows-latest)	Static checks	2026-10-08T01:03:00.9652406Z   Downloaded clap_builder v4.6.7
validate (windows-latest)	Static checks	2026-10-08T01:03:01.0229463Z   Downloaded rusqlite v0.40.2
validate (windows-latest)	Static checks	2026-10-08T01:03:01.2499529Z   Downloaded aho-corasick v1.1.5
validate (windows-latest)	Static checks	2026-10-08T01:03:01.3120489Z   Downloaded tree-sitter-javascript v0.25.0
validate (windows-latest)	Static checks	2026-10-08T01:03:01.3652824Z   Downloaded tree-sitter-python v0.25.0
validate (windows-latest)	Static checks	2026-10-08T01:03:01.4215973Z   Downloaded winnow v1.0.4
validate (windows-latest)	Static checks	2026-10-08T01:03:01.8927658Z   Downloaded tree-sitter v0.25.10
validate (windows-latest)	Static checks	2026-10-08T01:03:02.9586414Z   Downloaded winnow v0.7.15
validate (windows-latest)	Static checks	2026-10-08T01:03:03.3010649Z   Downloaded vcpkg v0.2.15
validate (windows-latest)	Static checks	2026-10-08T01:03:04.7482915Z   Downloaded syn v3.0.6
validate (windows-latest)	Static checks	2026-10-08T01:03:04.8470777Z   Downloaded bstr v1.13.1
validate (windows-latest)	Static checks	2026-10-08T01:03:04.9100289Z   Downloaded regex-syntax v0.8.11
validate (windows-latest)	Static checks	2026-10-08T01:03:04.9545551Z   Downloaded regex-automata v0.4.18
validate (windows-latest)	Static checks	2026-10-08T01:03:05.0887823Z   Downloaded chrono-tz v0.10.4
validate (windows-latest)	Static checks	2026-10-08T01:03:05.1337530Z   Downloaded libc v0.2.190
validate (windows-latest)	Static checks	2026-10-08T01:03:06.4228199Z   Downloaded tree-sitter-typescript v0.23.2
validate (windows-latest)	Static checks	2026-10-08T01:03:06.4774859Z   Downloaded winapi v0.3.9
validate (windows-latest)	Static checks	2026-10-08T01:03:06.8805696Z   Downloaded windows-sys v0.61.2
validate (windows-latest)	Static checks	2026-10-08T01:03:07.7262173Z   Downloaded libsqlite3-sys v0.38.2
validate (windows-latest)	Static checks	2026-10-08T01:03:07.9471065Z    Compiling shlex v2.0.1
validate (windows-latest)	Static checks	2026-10-08T01:03:07.9472301Z    Compiling find-msvc-tools v0.1.14
validate (windows-latest)	Static checks	2026-10-08T01:03:07.9472989Z     Checking windows-link v0.2.1
validate (windows-latest)	Static checks	2026-10-08T01:03:07.9474863Z    Compiling serde_core v1.0.229
validate (windows-latest)	Static checks	2026-10-08T01:03:08.0035030Z    Compiling proc-macro2 v1.0.107
validate (windows-latest)	Static checks	2026-10-08T01:03:08.1891754Z     Checking windows-sys v0.61.2
validate (windows-latest)	Static checks	2026-10-08T01:03:08.9975775Z    Compiling cc v1.6.0
validate (windows-latest)	Static checks	2026-10-08T01:03:09.4216177Z    Compiling tree-sitter-language v0.1.8
validate (windows-latest)	Static checks	2026-10-08T01:03:10.2314469Z    Compiling quote v1.0.47
validate (windows-latest)	Static checks	2026-10-08T01:03:10.3102995Z    Compiling unicode-ident v1.0.26
validate (windows-latest)	Static checks	2026-10-08T01:03:10.6805735Z    Compiling zmij v1.0.23
validate (windows-latest)	Static checks	2026-10-08T01:03:11.0161239Z     Checking memchr v2.8.3
validate (windows-latest)	Static checks	2026-10-08T01:03:11.6960315Z    Compiling syn v3.0.6
validate (windows-latest)	Static checks	2026-10-08T01:03:11.7378755Z    Compiling version_check v0.9.5
validate (windows-latest)	Static checks	2026-10-08T01:03:12.1620761Z    Compiling generic-array v0.14.7
validate (windows-latest)	Static checks	2026-10-08T01:03:12.1892454Z     Checking aho-corasick v1.1.5
validate (windows-latest)	Static checks	2026-10-08T01:03:12.5070980Z     Checking regex-syntax v0.8.11
validate (windows-latest)	Static checks	2026-10-08T01:03:13.2706146Z    Compiling crossbeam-utils v0.8.23
validate (windows-latest)	Static checks	2026-10-08T01:03:13.6621913Z     Checking typenum v1.20.1
validate (windows-latest)	Static checks	2026-10-08T01:03:13.7721371Z     Checking foldhash v0.2.0
validate (windows-latest)	Static checks	2026-10-08T01:03:13.9117474Z    Compiling serde_json v1.0.151
validate (windows-latest)	Static checks	2026-10-08T01:03:14.1577974Z    Compiling hashbrown v0.17.1
validate (windows-latest)	Static checks	2026-10-08T01:03:14.7797849Z    Compiling autocfg v1.5.1
validate (windows-latest)	Static checks	2026-10-08T01:03:14.7837319Z    Compiling equivalent v1.0.2
validate (windows-latest)	Static checks	2026-10-08T01:03:14.8519270Z    Compiling serde v1.0.229
validate (windows-latest)	Static checks	2026-10-08T01:03:15.0040486Z    Compiling indexmap v2.14.2
validate (windows-latest)	Static checks	2026-10-08T01:03:15.2968099Z     Checking regex-automata v0.4.18
validate (windows-latest)	Static checks	2026-10-08T01:03:15.3440857Z    Compiling num-traits v0.2.19
validate (windows-latest)	Static checks	2026-10-08T01:03:17.2422043Z    Compiling itoa v1.0.18
validate (windows-latest)	Static checks	2026-10-08T01:03:17.4993411Z    Compiling getrandom v0.4.3
validate (windows-latest)	Static checks	2026-10-08T01:03:17.7229716Z    Compiling vcpkg v0.2.15
validate (windows-latest)	Static checks	2026-10-08T01:03:17.7930871Z     Checking cfg-if v1.0.5
validate (windows-latest)	Static checks	2026-10-08T01:03:17.8466091Z     Checking utf8parse v0.2.2
validate (windows-latest)	Static checks	2026-10-08T01:03:17.9287333Z     Checking once_cell_polyfill v1.70.2
validate (windows-latest)	Static checks	2026-10-08T01:03:18.0481329Z     Checking anstyle v1.0.14
validate (windows-latest)	Static checks	2026-10-08T01:03:18.0571005Z    Compiling serde_derive v1.0.229
validate (windows-latest)	Static checks	2026-10-08T01:03:18.2498904Z    Compiling pkg-config v0.3.34
validate (windows-latest)	Static checks	2026-10-08T01:03:18.7765636Z    Compiling crossbeam-epoch v0.9.21
validate (windows-latest)	Static checks	2026-10-08T01:03:19.1024030Z    Compiling libsqlite3-sys v0.38.2
validate (windows-latest)	Static checks	2026-10-08T01:03:19.9879629Z     Checking anstyle-wincon v3.0.11
validate (windows-latest)	Static checks	2026-10-08T01:03:20.1070029Z     Checking anstyle-parse v1.0.0
validate (windows-latest)	Static checks	2026-10-08T01:03:20.8743530Z     Checking winapi-util v0.1.11
validate (windows-latest)	Static checks	2026-10-08T01:03:20.9982532Z     Checking anstyle-query v1.1.5
validate (windows-latest)	Static checks	2026-10-08T01:03:21.0720044Z    Compiling winapi v0.3.9
validate (windows-latest)	Static checks	2026-10-08T01:03:21.6635629Z    Compiling crossbeam-deque v0.8.8
validate (windows-latest)	Static checks	2026-10-08T01:03:22.3474410Z     Checking is_terminal_polyfill v1.70.2
validate (windows-latest)	Static checks	2026-10-08T01:03:22.3476842Z     Checking siphasher v1.0.4
validate (windows-latest)	Static checks	2026-10-08T01:03:22.4124058Z     Checking colorchoice v1.0.5
validate (windows-latest)	Static checks	2026-10-08T01:03:22.4879563Z     Checking anstream v1.0.0
validate (windows-latest)	Static checks	2026-10-08T01:03:22.5369170Z     Checking phf_shared v0.12.1
validate (windows-latest)	Static checks	2026-10-08T01:03:22.7288058Z    Compiling tree-sitter v0.25.10
validate (windows-latest)	Static checks	2026-10-08T01:03:22.7476692Z     Checking same-file v1.0.6
validate (windows-latest)	Static checks	2026-10-08T01:03:23.2606361Z     Checking crypto-common v0.1.7
validate (windows-latest)	Static checks	2026-10-08T01:03:23.3104675Z     Checking block-buffer v0.10.4
validate (windows-latest)	Static checks	2026-10-08T01:03:23.3384104Z     Checking bstr v1.13.1
validate (windows-latest)	Static checks	2026-10-08T01:03:23.4099484Z    Compiling tree-sitter-typescript v0.23.2
validate (windows-latest)	Static checks	2026-10-08T01:03:23.6669768Z    Compiling tree-sitter-javascript v0.25.0
validate (windows-latest)	Static checks	2026-10-08T01:03:23.6743297Z    Compiling tree-sitter-python v0.25.0
validate (windows-latest)	Static checks	2026-10-08T01:03:23.9018700Z     Checking winnow v1.0.4
validate (windows-latest)	Static checks	2026-10-08T01:03:23.9454910Z    Compiling chrono-tz v0.10.4
validate (windows-latest)	Static checks	2026-10-08T01:03:23.9518998Z     Checking clap_lex v1.1.1
validate (windows-latest)	Static checks	2026-10-08T01:03:24.1028834Z    Compiling heck v0.5.0
validate (windows-latest)	Static checks	2026-10-08T01:03:24.3097960Z     Checking log v0.4.34
validate (windows-latest)	Static checks	2026-10-08T01:03:24.3349793Z    Compiling libc v0.2.190
validate (windows-latest)	Static checks	2026-10-08T01:03:24.3440653Z     Checking strsim v0.11.1
validate (windows-latest)	Static checks	2026-10-08T01:03:24.5905933Z     Checking clap_builder v4.6.7
validate (windows-latest)	Static checks	2026-10-08T01:03:24.9702964Z     Checking globset v0.4.20
validate (windows-latest)	Static checks	2026-10-08T01:03:25.2365144Z    Compiling clap_derive v4.6.7
validate (windows-latest)	Static checks	2026-10-08T01:03:25.3694086Z     Checking toml_parser v1.1.3+spec-1.1.0
validate (windows-latest)	Static checks	2026-10-08T01:03:28.2949761Z     Checking chrono v0.4.45
validate (windows-latest)	Static checks	2026-10-08T01:03:28.2950515Z     Checking digest v0.10.7
validate (windows-latest)	Static checks	2026-10-08T01:03:29.5382613Z     Checking walkdir v2.5.0
validate (windows-latest)	Static checks	2026-10-08T01:03:29.9266503Z     Checking phf v0.12.1
validate (windows-latest)	Static checks	2026-10-08T01:03:30.1159141Z     Checking regex v1.13.1
validate (windows-latest)	Static checks	2026-10-08T01:03:30.4883757Z     Checking hashlink v0.12.2
validate (windows-latest)	Static checks	2026-10-08T01:03:30.5480940Z     Checking serde_spanned v1.1.1
validate (windows-latest)	Static checks	2026-10-08T01:03:30.6940579Z     Checking toml_datetime v0.7.5+spec-1.1.0
validate (windows-latest)	Static checks	2026-10-08T01:03:30.9241284Z     Checking ryu v1.0.23
validate (windows-latest)	Static checks	2026-10-08T01:03:31.0607484Z     Checking cpufeatures v0.2.17
validate (windows-latest)	Static checks	2026-10-08T01:03:31.0768262Z     Checking toml_writer v1.1.2+spec-1.1.0
validate (windows-latest)	Static checks	2026-10-08T01:03:31.1309351Z     Checking streaming-iterator v0.1.9
validate (windows-latest)	Static checks	2026-10-08T01:03:31.2074242Z     Checking bitflags v2.13.2
validate (windows-latest)	Static checks	2026-10-08T01:03:31.2726810Z     Checking unsafe-libyaml v0.2.11
validate (windows-latest)	Static checks	2026-10-08T01:03:31.3905848Z     Checking winnow v0.7.15
validate (windows-latest)	Static checks	2026-10-08T01:03:31.4967764Z     Checking fallible-streaming-iterator v0.1.9
validate (windows-latest)	Static checks	2026-10-08T01:03:31.5985318Z     Checking fallible-iterator v0.3.0
validate (windows-latest)	Static checks	2026-10-08T01:03:31.6324316Z     Checking smallvec v1.16.2
validate (windows-latest)	Static checks	2026-10-08T01:03:31.8705123Z     Checking fs2 v0.4.3
validate (windows-latest)	Static checks	2026-10-08T01:03:31.9896833Z     Checking rusqlite v0.40.2
validate (windows-latest)	Static checks	2026-10-08T01:03:32.0904582Z     Checking serde_yaml_ng v0.10.0
validate (windows-latest)	Static checks	2026-10-08T01:03:33.1409377Z     Checking sha2 v0.10.9
validate (windows-latest)	Static checks	2026-10-08T01:03:33.4604812Z     Checking toml v0.9.12+spec-1.1.0
validate (windows-latest)	Static checks	2026-10-08T01:03:33.4801135Z     Checking ignore v0.4.33
validate (windows-latest)	Static checks	2026-10-08T01:03:33.7025418Z     Checking clap v4.6.7
validate (windows-latest)	Static checks	2026-10-08T01:03:33.9238968Z     Checking uuid v1.27.0
validate (windows-latest)	Static checks	2026-10-08T01:03:34.1259137Z     Checking once_cell v1.21.4
validate (windows-latest)	Static checks	2026-10-08T01:03:34.3126900Z     Checking fastrand v2.5.0
validate (windows-latest)	Static checks	2026-10-08T01:03:34.4869973Z     Checking tempfile v3.27.0
validate (windows-latest)	Static checks	2026-10-08T01:03:38.6234595Z     Checking pctx v0.1.0-dev (D:\a\pctx\pctx)
validate (windows-latest)	Static checks	2026-10-08T01:03:40.4113134Z error: unreachable statement
validate (windows-latest)	Static checks	2026-10-08T01:03:40.4114188Z    --> src\output.rs:753:5
validate (windows-latest)	Static checks	2026-10-08T01:03:40.4114849Z     |
validate (windows-latest)	Static checks	2026-10-08T01:03:40.4115362Z 747 | /         return Err(err(
validate (windows-latest)	Static checks	2026-10-08T01:03:40.4116564Z 748 | |             "CAPABILITY_UNAVAILABLE",
validate (windows-latest)	Static checks	2026-10-08T01:03:40.4117674Z 749 | |             "Supervised manual capture is currently verified only on Unix",
validate (windows-latest)	Static checks	2026-10-08T01:03:40.4118592Z 750 | |             6,
validate (windows-latest)	Static checks	2026-10-08T01:03:40.4119162Z 751 | |         ));
validate (windows-latest)	Static checks	2026-10-08T01:03:40.4120037Z     | |__________- any code following this expression is unreachable
validate (windows-latest)	Static checks	2026-10-08T01:03:40.4120839Z 752 |       }
validate (windows-latest)	Static checks	2026-10-08T01:03:40.4121875Z 753 |       let registered = expected_binding.is_some();
validate (windows-latest)	Static checks	2026-10-08T01:03:40.4122771Z     |       ^^^^^^^^^^^^^^^^^^^^^^^^^^^^^^^^^^^^^^^^^^^^ unreachable statement
validate (windows-latest)	Static checks	2026-10-08T01:03:40.4123415Z     |
validate (windows-latest)	Static checks	2026-10-08T01:03:40.4123963Z     = note: `-D unreachable-code` implied by `-D warnings`
validate (windows-latest)	Static checks	2026-10-08T01:03:40.4124907Z     = help: to override `-D warnings` add `#[allow(unreachable_code)]`
validate (windows-latest)	Static checks	2026-10-08T01:03:40.4125467Z
validate (windows-latest)	Static checks	2026-10-08T01:03:41.7345931Z error: unreachable statement
validate (windows-latest)	Static checks	2026-10-08T01:03:41.7346654Z    --> src\runner.rs:949:13
validate (windows-latest)	Static checks	2026-10-08T01:03:41.7347128Z     |
validate (windows-latest)	Static checks	2026-10-08T01:03:41.7347691Z 943 | /                 return Err(error(
validate (windows-latest)	Static checks	2026-10-08T01:03:41.7348567Z 944 | |                     "CAPABILITY_UNAVAILABLE",
validate (windows-latest)	Static checks	2026-10-08T01:03:41.7350324Z 945 | |                     "Registered process supervision is supported only on verified Unix backend",
validate (windows-latest)	Static checks	2026-10-08T01:03:41.7351498Z 946 | |                     6,
validate (windows-latest)	Static checks	2026-10-08T01:03:41.7352239Z 947 | |                 ));
validate (windows-latest)	Static checks	2026-10-08T01:03:41.7353174Z     | |__________________- any code following this expression is unreachable
validate (windows-latest)	Static checks	2026-10-08T01:03:41.7354038Z 948 |               }
validate (windows-latest)	Static checks	2026-10-08T01:03:41.7354768Z 949 | /             if *budget_bytes < 8192 {
validate (windows-latest)	Static checks	2026-10-08T01:03:41.7355590Z 950 | |                 return Err(error(
validate (windows-latest)	Static checks	2026-10-08T01:03:41.7356425Z 951 | |                     "BUDGET_TOO_SMALL",
validate (windows-latest)	Static checks	2026-10-08T01:03:41.7357591Z 952 | |                     "Registered evidence metadata requires 8192-byte minimum before execution",
validate (windows-latest)	Static checks	2026-10-08T01:03:41.7358669Z 953 | |                     8,
validate (windows-latest)	Static checks	2026-10-08T01:03:41.7359367Z 954 | |                 ));
validate (windows-latest)	Static checks	2026-10-08T01:03:41.7360000Z 955 | |             }
validate (windows-latest)	Static checks	2026-10-08T01:03:41.7360708Z     | |_____________^ unreachable statement
validate (windows-latest)	Static checks	2026-10-08T01:03:41.7361147Z
validate (windows-latest)	Static checks	2026-10-08T01:03:42.3101899Z error: variable does not need to be mutable
validate (windows-latest)	Static checks	2026-10-08T01:03:42.3102762Z    --> src\output.rs:729:5
validate (windows-latest)	Static checks	2026-10-08T01:03:42.3103234Z     |
validate (windows-latest)	Static checks	2026-10-08T01:03:42.3103869Z 729 |     mut on_spawn: Option<&mut dyn FnMut(u32) -> Result<()>>,
validate (windows-latest)	Static checks	2026-10-08T01:03:42.3104816Z     |     ----^^^^^^^^
validate (windows-latest)	Static checks	2026-10-08T01:03:42.3105405Z     |     |
validate (windows-latest)	Static checks	2026-10-08T01:03:42.3106629Z     |     help: remove this `mut`
validate (windows-latest)	Static checks	2026-10-08T01:03:42.3107890Z     |
validate (windows-latest)	Static checks	2026-10-08T01:03:42.3111383Z     = note: `-D unused-mut` implied by `-D warnings`
validate (windows-latest)	Static checks	2026-10-08T01:03:42.3112397Z     = help: to override `-D warnings` add `#[allow(unused_mut)]`
validate (windows-latest)	Static checks	2026-10-08T01:03:42.3112931Z
validate (windows-latest)	Static checks	2026-10-08T01:03:42.3113296Z error: variable does not need to be mutable
validate (windows-latest)	Static checks	2026-10-08T01:03:42.3113961Z    --> src\output.rs:730:5
validate (windows-latest)	Static checks	2026-10-08T01:03:42.3114442Z     |
validate (windows-latest)	Static checks	2026-10-08T01:03:42.3115041Z 730 |     mut on_poll: Option<&mut dyn FnMut() -> Result<()>>,
validate (windows-latest)	Static checks	2026-10-08T01:03:42.3115764Z     |     ----^^^^^^^
validate (windows-latest)	Static checks	2026-10-08T01:03:42.3116285Z     |     |
validate (windows-latest)	Static checks	2026-10-08T01:03:42.3116825Z     |     help: remove this `mut`
validate (windows-latest)	Static checks	2026-10-08T01:03:42.3117176Z
validate (windows-latest)	Static checks	2026-10-08T01:03:42.3119037Z error: unused variable: `p`
validate (windows-latest)	Static checks	2026-10-08T01:03:42.3119634Z    --> src\output.rs:724:5
validate (windows-latest)	Static checks	2026-10-08T01:03:42.3120080Z     |
validate (windows-latest)	Static checks	2026-10-08T01:03:42.3120471Z 724 |     p: &Project,
validate (windows-latest)	Static checks	2026-10-08T01:03:42.3121725Z     |     ^ help: if this is intentional, prefix it with an underscore: `_p`
validate (windows-latest)	Static checks	2026-10-08T01:03:42.3122538Z     |
validate (windows-latest)	Static checks	2026-10-08T01:03:42.3123131Z     = note: `-D unused-variables` implied by `-D warnings`
validate (windows-latest)	Static checks	2026-10-08T01:03:42.3124390Z     = help: to override `-D warnings` add `#[allow(unused_variables)]`
validate (windows-latest)	Static checks	2026-10-08T01:03:42.3124905Z
validate (windows-latest)	Static checks	2026-10-08T01:03:42.3125184Z error: unused variable: `cwd`
validate (windows-latest)	Static checks	2026-10-08T01:03:42.3125729Z    --> src\output.rs:726:5
validate (windows-latest)	Static checks	2026-10-08T01:03:42.3126157Z     |
validate (windows-latest)	Static checks	2026-10-08T01:03:42.3126566Z 726 |     cwd: &str,
validate (windows-latest)	Static checks	2026-10-08T01:03:42.3127454Z     |     ^^^ help: if this is intentional, prefix it with an underscore: `_cwd`
validate (windows-latest)	Static checks	2026-10-08T01:03:42.3128061Z
validate (windows-latest)	Static checks	2026-10-08T01:03:42.3128385Z error: unused variable: `environment`
validate (windows-latest)	Static checks	2026-10-08T01:03:42.3128988Z    --> src\output.rs:727:5
validate (windows-latest)	Static checks	2026-10-08T01:03:42.3129436Z     |
validate (windows-latest)	Static checks	2026-10-08T01:03:42.3129983Z 727 |     environment: &BTreeMap<String, String>,
validate (windows-latest)	Static checks	2026-10-08T01:03:42.3131120Z     |     ^^^^^^^^^^^ help: if this is intentional, prefix it with an underscore: `_environment`
validate (windows-latest)	Static checks	2026-10-08T01:03:42.3131847Z
validate (windows-latest)	Static checks	2026-10-08T01:03:42.3132219Z error: unused variable: `expected_binding`
validate (windows-latest)	Static checks	2026-10-08T01:03:42.3132800Z    --> src\output.rs:728:5
validate (windows-latest)	Static checks	2026-10-08T01:03:42.3133203Z     |
validate (windows-latest)	Static checks	2026-10-08T01:03:42.3133657Z 728 |     expected_binding: Option<&str>,
validate (windows-latest)	Static checks	2026-10-08T01:03:42.3134708Z     |     ^^^^^^^^^^^^^^^^ help: if this is intentional, prefix it with an underscore: `_expected_binding`
validate (windows-latest)	Static checks	2026-10-08T01:03:42.3135461Z
validate (windows-latest)	Static checks	2026-10-08T01:03:42.3135784Z error: unused variable: `on_spawn`
validate (windows-latest)	Static checks	2026-10-08T01:03:42.3136377Z    --> src\output.rs:729:5
validate (windows-latest)	Static checks	2026-10-08T01:03:42.3136793Z     |
validate (windows-latest)	Static checks	2026-10-08T01:03:42.3137388Z 729 |     mut on_spawn: Option<&mut dyn FnMut(u32) -> Result<()>>,
validate (windows-latest)	Static checks	2026-10-08T01:03:42.3138548Z     |     ^^^^^^^^^^^^ help: if this is intentional, prefix it with an underscore: `_on_spawn`
validate (windows-latest)	Static checks	2026-10-08T01:03:42.3139245Z
validate (windows-latest)	Static checks	2026-10-08T01:03:42.3139546Z error: unused variable: `on_poll`
validate (windows-latest)	Static checks	2026-10-08T01:03:42.3140126Z    --> src\output.rs:730:5
validate (windows-latest)	Static checks	2026-10-08T01:03:42.3140544Z     |
validate (windows-latest)	Static checks	2026-10-08T01:03:42.3141131Z 730 |     mut on_poll: Option<&mut dyn FnMut() -> Result<()>>,
validate (windows-latest)	Static checks	2026-10-08T01:03:42.3142660Z     |     ^^^^^^^^^^^ help: if this is intentional, prefix it with an underscore: `_on_poll`
validate (windows-latest)	Static checks	2026-10-08T01:03:42.3143334Z
validate (windows-latest)	Static checks	2026-10-08T01:03:42.4063461Z error: variable does not need to be mutable
validate (windows-latest)	Static checks	2026-10-08T01:03:42.4063965Z    --> src\reader.rs:114:13
validate (windows-latest)	Static checks	2026-10-08T01:03:42.4064246Z     |
validate (windows-latest)	Static checks	2026-10-08T01:03:42.4064602Z 114 |         let mut stable = before.len() == after.len()
validate (windows-latest)	Static checks	2026-10-08T01:03:42.4065046Z     |             ----^^^^^^
validate (windows-latest)	Static checks	2026-10-08T01:03:42.4065424Z     |             |
validate (windows-latest)	Static checks	2026-10-08T01:03:42.4065773Z     |             help: remove this `mut`
validate (windows-latest)	Static checks	2026-10-08T01:03:42.4065988Z
validate (windows-latest)	Static checks	2026-10-08T01:03:43.7290672Z error: unused variable: `job`
validate (windows-latest)	Static checks	2026-10-08T01:03:43.7291637Z    --> src\runner.rs:781:15
validate (windows-latest)	Static checks	2026-10-08T01:03:43.7294223Z     |
validate (windows-latest)	Static checks	2026-10-08T01:03:43.7294960Z 781 | fn group_gone(job: &Job) -> bool {
validate (windows-latest)	Static checks	2026-10-08T01:03:43.7296175Z     |               ^^^ help: if this is intentional, prefix it with an underscore: `_job`
validate (windows-latest)	Static checks	2026-10-08T01:03:43.7297078Z
validate (windows-latest)	Static checks	2026-10-08T01:03:43.7531949Z error: unused variable: `task_id`
validate (windows-latest)	Static checks	2026-10-08T01:03:43.7532811Z    --> src\runner.rs:936:13
validate (windows-latest)	Static checks	2026-10-08T01:03:43.7534455Z     |
validate (windows-latest)	Static checks	2026-10-08T01:03:43.7535939Z 936 |             task_id,
validate (windows-latest)	Static checks	2026-10-08T01:03:43.7537268Z     |             ^^^^^^^ help: try ignoring the field: `task_id: _`
validate (windows-latest)	Static checks	2026-10-08T01:03:43.7538105Z
validate (windows-latest)	Static checks	2026-10-08T01:03:43.7538547Z error: unused variable: `key`
validate (windows-latest)	Static checks	2026-10-08T01:03:43.7539296Z    --> src\runner.rs:937:13
validate (windows-latest)	Static checks	2026-10-08T01:03:43.7539927Z     |
validate (windows-latest)	Static checks	2026-10-08T01:03:43.7540575Z 937 |             key,
validate (windows-latest)	Static checks	2026-10-08T01:03:43.7541532Z     |             ^^^ help: try ignoring the field: `key: _`
validate (windows-latest)	Static checks	2026-10-08T01:03:43.7542178Z
validate (windows-latest)	Static checks	2026-10-08T01:03:43.7542618Z error: unused variable: `run`
validate (windows-latest)	Static checks	2026-10-08T01:03:43.7543369Z    --> src\runner.rs:938:13
validate (windows-latest)	Static checks	2026-10-08T01:03:43.7543991Z     |
validate (windows-latest)	Static checks	2026-10-08T01:03:43.7544562Z 938 |             run,
validate (windows-latest)	Static checks	2026-10-08T01:03:43.7545490Z     |             ^^^ help: try ignoring the field: `run: _`
validate (windows-latest)	Static checks	2026-10-08T01:03:43.7546186Z
validate (windows-latest)	Static checks	2026-10-08T01:03:43.7546675Z error: unused variable: `budget_bytes`
validate (windows-latest)	Static checks	2026-10-08T01:03:43.7547472Z    --> src\runner.rs:939:13
validate (windows-latest)	Static checks	2026-10-08T01:03:43.7548124Z     |
validate (windows-latest)	Static checks	2026-10-08T01:03:43.7548759Z 939 |             budget_bytes,
validate (windows-latest)	Static checks	2026-10-08T01:03:43.7550193Z     |             ^^^^^^^^^^^^ help: try ignoring the field: `budget_bytes: _`
validate (windows-latest)	Static checks	2026-10-08T01:03:43.7550972Z
validate (windows-latest)	Static checks	2026-10-08T01:03:44.0873077Z error: function `artifact_policy` is never used
validate (windows-latest)	Static checks	2026-10-08T01:03:44.0873959Z     --> src\pack.rs:1060:4
validate (windows-latest)	Static checks	2026-10-08T01:03:44.0875623Z      |
validate (windows-latest)	Static checks	2026-10-08T01:03:44.0876804Z 1060 | fn artifact_policy(p: &Project, manifest: &Value) -> Result<()> {
validate (windows-latest)	Static checks	2026-10-08T01:03:44.0877941Z      |    ^^^^^^^^^^^^^^^
validate (windows-latest)	Static checks	2026-10-08T01:03:44.0878694Z      |
validate (windows-latest)	Static checks	2026-10-08T01:03:44.0879876Z      = note: `-D dead-code` implied by `-D warnings`
validate (windows-latest)	Static checks	2026-10-08T01:03:44.0881381Z      = help: to override `-D warnings` add `#[expect(dead_code)]` or `#[allow(dead_code)]`
validate (windows-latest)	Static checks	2026-10-08T01:03:44.0882337Z
validate (windows-latest)	Static checks	2026-10-08T01:03:44.0882871Z error: function `read_bytes` is never used
validate (windows-latest)	Static checks	2026-10-08T01:03:44.0883701Z     --> src\pack.rs:1122:4
validate (windows-latest)	Static checks	2026-10-08T01:03:44.0884326Z      |
validate (windows-latest)	Static checks	2026-10-08T01:03:44.0891270Z 1122 | fn read_bytes(mut file: fs::File, remaining: usize) -> Result<Vec<u8>> {
validate (windows-latest)	Static checks	2026-10-08T01:03:44.0892420Z      |    ^^^^^^^^^^
validate (windows-latest)	Static checks	2026-10-08T01:03:44.0892906Z
validate (windows-latest)	Static checks	2026-10-08T01:03:44.0893404Z error: function `read_single` is never used
validate (windows-latest)	Static checks	2026-10-08T01:03:44.0894231Z     --> src\pack.rs:1302:4
validate (windows-latest)	Static checks	2026-10-08T01:03:44.0894844Z      |
validate (windows-latest)	Static checks	2026-10-08T01:03:44.0895718Z 1302 | fn read_single(p: &Project, bytes: Vec<u8>) -> Result<Artifact> {
validate (windows-latest)	Static checks	2026-10-08T01:03:44.0896706Z      |    ^^^^^^^^^^^
validate (windows-latest)	Static checks	2026-10-08T01:03:44.0897156Z
validate (windows-latest)	Static checks	2026-10-08T01:03:44.4856923Z error: unneeded `return` statement
validate (windows-latest)	Static checks	2026-10-08T01:03:44.4858263Z     --> src\runner.rs:1485:9
validate (windows-latest)	Static checks	2026-10-08T01:03:44.4858866Z      |
validate (windows-latest)	Static checks	2026-10-08T01:03:44.4859551Z 1485 | /         return Err(error(
validate (windows-latest)	Static checks	2026-10-08T01:03:44.4860777Z 1486 | |             "CAPABILITY_UNAVAILABLE",
validate (windows-latest)	Static checks	2026-10-08T01:03:44.4861748Z 1487 | |             "Canonical bridge requires verified Unix process identity",
validate (windows-latest)	Static checks	2026-10-08T01:03:44.4862675Z 1488 | |             6,
validate (windows-latest)	Static checks	2026-10-08T01:03:44.4863356Z 1489 | |         ));
validate (windows-latest)	Static checks	2026-10-08T01:03:44.4863966Z      | |__________^
validate (windows-latest)	Static checks	2026-10-08T01:03:44.4864847Z      |
validate (windows-latest)	Static checks	2026-10-08T01:03:44.4865971Z      = help: for further information visit https://rust-lang.github.io/rust-clippy/rust-1.99.0/index.html#needless_return
validate (windows-latest)	Static checks	2026-10-08T01:03:44.4867568Z      = note: `-D clippy::needless-return` implied by `-D warnings`
validate (windows-latest)	Static checks	2026-10-08T01:03:44.4868772Z      = help: to override `-D warnings` add `#[allow(clippy::needless_return)]`
validate (windows-latest)	Static checks	2026-10-08T01:03:44.4869621Z help: remove `return`
validate (windows-latest)	Static checks	2026-10-08T01:03:44.4870149Z      |
validate (windows-latest)	Static checks	2026-10-08T01:03:44.4870619Z 1485 ~         Err(error(
validate (windows-latest)	Static checks	2026-10-08T01:03:44.4871314Z 1486 +             "CAPABILITY_UNAVAILABLE",
validate (windows-latest)	Static checks	2026-10-08T01:03:44.4872252Z 1487 +             "Canonical bridge requires verified Unix process identity",
validate (windows-latest)	Static checks	2026-10-08T01:03:44.4873067Z 1488 +             6,
validate (windows-latest)	Static checks	2026-10-08T01:03:44.4873581Z 1489 ~         ))
validate (windows-latest)	Static checks	2026-10-08T01:03:44.4874118Z      |
validate (windows-latest)	Static checks	2026-10-08T01:03:44.4874325Z
validate (windows-latest)	Static checks	2026-10-08T01:03:44.4874651Z error: unneeded `return` statement
validate (windows-latest)	Static checks	2026-10-08T01:03:44.4875284Z     --> src\runner.rs:1598:9
validate (windows-latest)	Static checks	2026-10-08T01:03:44.4875763Z      |
validate (windows-latest)	Static checks	2026-10-08T01:03:44.4876297Z 1598 | /         return Err(error(
validate (windows-latest)	Static checks	2026-10-08T01:03:44.4877531Z 1599 | |             "CAPABILITY_UNAVAILABLE",
validate (windows-latest)	Static checks	2026-10-08T01:03:44.4878533Z 1600 | |             "No verified guardian backend",
validate (windows-latest)	Static checks	2026-10-08T01:03:44.4879384Z 1601 | |             6,
validate (windows-latest)	Static checks	2026-10-08T01:03:44.4880063Z 1602 | |         ));
validate (windows-latest)	Static checks	2026-10-08T01:03:44.4880663Z      | |__________^
validate (windows-latest)	Static checks	2026-10-08T01:03:44.4881149Z      |
validate (windows-latest)	Static checks	2026-10-08T01:03:44.4882280Z      = help: for further information visit https://rust-lang.github.io/rust-clippy/rust-1.99.0/index.html#needless_return
validate (windows-latest)	Static checks	2026-10-08T01:03:44.4883437Z help: remove `return`
validate (windows-latest)	Static checks	2026-10-08T01:03:44.4883897Z      |
validate (windows-latest)	Static checks	2026-10-08T01:03:44.4884373Z 1598 ~         Err(error(
validate (windows-latest)	Static checks	2026-10-08T01:03:44.4885063Z 1599 +             "CAPABILITY_UNAVAILABLE",
validate (windows-latest)	Static checks	2026-10-08T01:03:44.4885862Z 1600 +             "No verified guardian backend",
validate (windows-latest)	Static checks	2026-10-08T01:03:44.4886517Z 1601 +             6,
validate (windows-latest)	Static checks	2026-10-08T01:03:44.4887018Z 1602 ~         ))
validate (windows-latest)	Static checks	2026-10-08T01:03:44.4887477Z      |
validate (windows-latest)	Static checks	2026-10-08T01:03:44.4887680Z
validate (windows-latest)	Static checks	2026-10-08T01:03:44.7441154Z error: could not compile `pctx` (lib) due to 21 previous errors
validate (windows-latest)	Static checks	2026-10-08T01:03:44.7441809Z warning: build failed, waiting for other jobs to finish...
validate (windows-latest)	Static checks	2026-10-08T01:03:44.8183530Z error: could not compile `pctx` (lib test) due to 21 previous errors
validate (windows-latest)	Static checks	2026-10-08T01:03:45.0427266Z ##[error]Process completed with exit code 1.
validate (ubuntu-latest)	Static checks	﻿2026-10-08T00:59:21.9597028Z ##[group]Run cargo clippy --all-targets --locked -- -D warnings
validate (ubuntu-latest)	Static checks	2026-10-08T00:59:21.9597521Z cargo clippy --all-targets --locked -- -D warnings
validate (ubuntu-latest)	Static checks	2026-10-08T00:59:21.9639543Z shell: /usr/bin/bash -e {0}
validate (ubuntu-latest)	Static checks	2026-10-08T00:59:21.9639876Z env:
validate (ubuntu-latest)	Static checks	2026-10-08T00:59:21.9640113Z   CARGO_HOME: /home/runner/.cargo
validate (ubuntu-latest)	Static checks	2026-10-08T00:59:21.9640391Z   CARGO_INCREMENTAL: 0
validate (ubuntu-latest)	Static checks	2026-10-08T00:59:21.9640632Z   CARGO_TERM_COLOR: always
validate (ubuntu-latest)	Static checks	2026-10-08T00:59:21.9640874Z ##[endgroup]
validate (ubuntu-latest)	Static checks	2026-10-08T00:59:22.0251008Z     Updating crates.io index
validate (ubuntu-latest)	Static checks	2026-10-08T00:59:22.2596323Z  Downloading crates ...
validate (ubuntu-latest)	Static checks	2026-10-08T00:59:22.3324852Z   Downloaded anstyle-query v1.1.5
validate (ubuntu-latest)	Static checks	2026-10-08T00:59:22.3442690Z   Downloaded colorchoice v1.0.5
validate (ubuntu-latest)	Static checks	2026-10-08T00:59:22.3490058Z   Downloaded anstyle-parse v1.0.0
validate (ubuntu-latest)	Static checks	2026-10-08T00:59:22.3506854Z   Downloaded generic-array v0.14.7
validate (ubuntu-latest)	Static checks	2026-10-08T00:59:22.3520897Z   Downloaded anstream v1.0.0
validate (ubuntu-latest)	Static checks	2026-10-08T00:59:22.3542394Z   Downloaded anstyle v1.0.14
validate (ubuntu-latest)	Static checks	2026-10-08T00:59:22.3557256Z   Downloaded shlex v2.0.1
validate (ubuntu-latest)	Static checks	2026-10-08T00:59:22.3570037Z   Downloaded tempfile v3.27.0
validate (ubuntu-latest)	Static checks	2026-10-08T00:59:22.3597959Z   Downloaded once_cell v1.21.4
validate (ubuntu-latest)	Static checks	2026-10-08T00:59:22.3623617Z   Downloaded bitflags v2.13.2
validate (ubuntu-latest)	Static checks	2026-10-08T00:59:22.3665560Z   Downloaded indexmap v2.14.2
validate (ubuntu-latest)	Static checks	2026-10-08T00:59:22.3712856Z   Downloaded aho-corasick v1.1.5
validate (ubuntu-latest)	Static checks	2026-10-08T00:59:22.3775749Z   Downloaded autocfg v1.5.1
validate (ubuntu-latest)	Static checks	2026-10-08T00:59:22.3794352Z   Downloaded chrono v0.4.45
validate (ubuntu-latest)	Static checks	2026-10-08T00:59:22.3875161Z   Downloaded equivalent v1.0.2
validate (ubuntu-latest)	Static checks	2026-10-08T00:59:22.3887042Z   Downloaded cc v1.6.0
validate (ubuntu-latest)	Static checks	2026-10-08T00:59:22.3924918Z   Downloaded crossbeam-deque v0.8.8
validate (ubuntu-latest)	Static checks	2026-10-08T00:59:22.3945036Z   Downloaded serde_core v1.0.229
validate (ubuntu-latest)	Static checks	2026-10-08T00:59:22.3977058Z   Downloaded itoa v1.0.18
validate (ubuntu-latest)	Static checks	2026-10-08T00:59:22.3990208Z   Downloaded pkg-config v0.3.34
validate (ubuntu-latest)	Static checks	2026-10-08T00:59:22.4013616Z   Downloaded block-buffer v0.10.4
validate (ubuntu-latest)	Static checks	2026-10-08T00:59:22.4037114Z   Downloaded foldhash v0.2.0
validate (ubuntu-latest)	Static checks	2026-10-08T00:59:22.4057142Z   Downloaded regex v1.13.1
validate (ubuntu-latest)	Static checks	2026-10-08T00:59:22.4104062Z   Downloaded proc-macro2 v1.0.107
validate (ubuntu-latest)	Static checks	2026-10-08T00:59:22.4134643Z   Downloaded fs2 v0.4.3
validate (ubuntu-latest)	Static checks	2026-10-08T00:59:22.4145465Z   Downloaded heck v0.5.0
validate (ubuntu-latest)	Static checks	2026-10-08T00:59:22.4162684Z   Downloaded phf_shared v0.12.1
validate (ubuntu-latest)	Static checks	2026-10-08T00:59:22.4180375Z   Downloaded toml_datetime v0.7.5+spec-1.1.0
validate (ubuntu-latest)	Static checks	2026-10-08T00:59:22.4194589Z   Downloaded phf v0.12.1
validate (ubuntu-latest)	Static checks	2026-10-08T00:59:22.4207995Z   Downloaded cfg-if v1.0.5
validate (ubuntu-latest)	Static checks	2026-10-08T00:59:22.4220268Z   Downloaded clap_lex v1.1.1
validate (ubuntu-latest)	Static checks	2026-10-08T00:59:22.4233343Z   Downloaded toml_writer v1.1.2+spec-1.1.0
validate (ubuntu-latest)	Static checks	2026-10-08T00:59:22.4264075Z   Downloaded fastrand v2.5.0
validate (ubuntu-latest)	Static checks	2026-10-08T00:59:22.4287421Z   Downloaded find-msvc-tools v0.1.14
validate (ubuntu-latest)	Static checks	2026-10-08T00:59:22.4309892Z   Downloaded globset v0.4.20
validate (ubuntu-latest)	Static checks	2026-10-08T00:59:22.4337846Z   Downloaded sha2 v0.10.9
validate (ubuntu-latest)	Static checks	2026-10-08T00:59:22.4377004Z   Downloaded siphasher v1.0.4
validate (ubuntu-latest)	Static checks	2026-10-08T00:59:22.4390595Z   Downloaded cpufeatures v0.2.17
validate (ubuntu-latest)	Static checks	2026-10-08T00:59:22.4411514Z   Downloaded digest v0.10.7
validate (ubuntu-latest)	Static checks	2026-10-08T00:59:22.4431742Z   Downloaded fallible-streaming-iterator v0.1.9
validate (ubuntu-latest)	Static checks	2026-10-08T00:59:22.4439680Z   Downloaded unicode-ident v1.0.26
validate (ubuntu-latest)	Static checks	2026-10-08T00:59:22.4465517Z   Downloaded is_terminal_polyfill v1.70.2
validate (ubuntu-latest)	Static checks	2026-10-08T00:59:22.4475006Z   Downloaded same-file v1.0.6
validate (ubuntu-latest)	Static checks	2026-10-08T00:59:22.4487255Z   Downloaded utf8parse v0.2.2
validate (ubuntu-latest)	Static checks	2026-10-08T00:59:22.4496085Z   Downloaded crypto-common v0.1.7
validate (ubuntu-latest)	Static checks	2026-10-08T00:59:22.4504468Z   Downloaded tree-sitter-language v0.1.8
validate (ubuntu-latest)	Static checks	2026-10-08T00:59:22.4519712Z   Downloaded errno v0.3.14
validate (ubuntu-latest)	Static checks	2026-10-08T00:59:22.4532842Z   Downloaded zmij v1.0.23
validate (ubuntu-latest)	Static checks	2026-10-08T00:59:22.4550033Z   Downloaded serde_spanned v1.1.1
validate (ubuntu-latest)	Static checks	2026-10-08T00:59:22.4561937Z   Downloaded clap_derive v4.6.7
validate (ubuntu-latest)	Static checks	2026-10-08T00:59:22.4583171Z   Downloaded strsim v0.11.1
validate (ubuntu-latest)	Static checks	2026-10-08T00:59:22.4595266Z   Downloaded fallible-iterator v0.3.0
validate (ubuntu-latest)	Static checks	2026-10-08T00:59:22.4606384Z   Downloaded streaming-iterator v0.1.9
validate (ubuntu-latest)	Static checks	2026-10-08T00:59:22.4616853Z   Downloaded version_check v0.9.5
validate (ubuntu-latest)	Static checks	2026-10-08T00:59:22.4628609Z   Downloaded walkdir v2.5.0
validate (ubuntu-latest)	Static checks	2026-10-08T00:59:22.4645027Z   Downloaded crossbeam-epoch v0.9.21
validate (ubuntu-latest)	Static checks	2026-10-08T00:59:22.4668318Z   Downloaded quote v1.0.47
validate (ubuntu-latest)	Static checks	2026-10-08T00:59:22.4697006Z   Downloaded hashlink v0.12.2
validate (ubuntu-latest)	Static checks	2026-10-08T00:59:22.4715538Z   Downloaded log v0.4.34
validate (ubuntu-latest)	Static checks	2026-10-08T00:59:22.4740042Z   Downloaded ryu v1.0.23
validate (ubuntu-latest)	Static checks	2026-10-08T00:59:22.4770572Z   Downloaded smallvec v1.16.2
validate (ubuntu-latest)	Static checks	2026-10-08T00:59:22.4784292Z   Downloaded toml v0.9.12+spec-1.1.0
validate (ubuntu-latest)	Static checks	2026-10-08T00:59:22.4823555Z   Downloaded ignore v0.4.33
validate (ubuntu-latest)	Static checks	2026-10-08T00:59:22.4849189Z   Downloaded serde_derive v1.0.229
validate (ubuntu-latest)	Static checks	2026-10-08T00:59:22.4887097Z   Downloaded uuid v1.27.0
validate (ubuntu-latest)	Static checks	2026-10-08T00:59:22.4909861Z   Downloaded clap v4.6.7
validate (ubuntu-latest)	Static checks	2026-10-08T00:59:22.4999310Z   Downloaded crossbeam-utils v0.8.23
validate (ubuntu-latest)	Static checks	2026-10-08T00:59:22.5025054Z   Downloaded getrandom v0.4.3
validate (ubuntu-latest)	Static checks	2026-10-08T00:59:22.5060182Z   Downloaded iana-time-zone v0.1.65
validate (ubuntu-latest)	Static checks	2026-10-08T00:59:22.5087055Z   Downloaded num-traits v0.2.19
validate (ubuntu-latest)	Static checks	2026-10-08T00:59:22.5111558Z   Downloaded serde_yaml_ng v0.10.0
validate (ubuntu-latest)	Static checks	2026-10-08T00:59:22.5142236Z   Downloaded toml_parser v1.1.3+spec-1.1.0
validate (ubuntu-latest)	Static checks	2026-10-08T00:59:22.5164871Z   Downloaded unsafe-libyaml v0.2.11
validate (ubuntu-latest)	Static checks	2026-10-08T00:59:22.5194679Z   Downloaded memchr v2.8.3
validate (ubuntu-latest)	Static checks	2026-10-08T00:59:22.5245544Z   Downloaded serde v1.0.229
validate (ubuntu-latest)	Static checks	2026-10-08T00:59:22.5279285Z   Downloaded typenum v1.20.1
validate (ubuntu-latest)	Static checks	2026-10-08T00:59:22.5305006Z   Downloaded serde_json v1.0.151
validate (ubuntu-latest)	Static checks	2026-10-08T00:59:22.5350391Z   Downloaded hashbrown v0.17.1
validate (ubuntu-latest)	Static checks	2026-10-08T00:59:22.5388004Z   Downloaded tree-sitter-javascript v0.25.0
validate (ubuntu-latest)	Static checks	2026-10-08T00:59:22.5437355Z   Downloaded tree-sitter-python v0.25.0
validate (ubuntu-latest)	Static checks	2026-10-08T00:59:22.5470945Z   Downloaded clap_builder v4.6.7
validate (ubuntu-latest)	Static checks	2026-10-08T00:59:22.5514191Z   Downloaded rusqlite v0.40.2
validate (ubuntu-latest)	Static checks	2026-10-08T00:59:22.5561580Z   Downloaded tree-sitter v0.25.10
validate (ubuntu-latest)	Static checks	2026-10-08T00:59:22.5602055Z   Downloaded winnow v0.7.15
validate (ubuntu-latest)	Static checks	2026-10-08T00:59:22.5666329Z   Downloaded vcpkg v0.2.15
validate (ubuntu-latest)	Static checks	2026-10-08T00:59:22.5930824Z   Downloaded winnow v1.0.4
validate (ubuntu-latest)	Static checks	2026-10-08T00:59:22.5990660Z   Downloaded chrono-tz v0.10.4
validate (ubuntu-latest)	Static checks	2026-10-08T00:59:22.6116331Z   Downloaded bstr v1.13.1
validate (ubuntu-latest)	Static checks	2026-10-08T00:59:22.6173078Z   Downloaded syn v3.0.6
validate (ubuntu-latest)	Static checks	2026-10-08T00:59:22.6242891Z   Downloaded regex-syntax v0.8.11
validate (ubuntu-latest)	Static checks	2026-10-08T00:59:22.6307236Z   Downloaded rustix v1.1.5
validate (ubuntu-latest)	Static checks	2026-10-08T00:59:22.6457461Z   Downloaded regex-automata v0.4.18
validate (ubuntu-latest)	Static checks	2026-10-08T00:59:22.6556871Z   Downloaded tree-sitter-typescript v0.23.2
validate (ubuntu-latest)	Static checks	2026-10-08T00:59:22.6731684Z   Downloaded libc v0.2.190
validate (ubuntu-latest)	Static checks	2026-10-08T00:59:22.7002599Z   Downloaded linux-raw-sys v0.12.1
validate (ubuntu-latest)	Static checks	2026-10-08T00:59:22.7444802Z   Downloaded libsqlite3-sys v0.38.2
validate (ubuntu-latest)	Static checks	2026-10-08T00:59:22.8285622Z    Compiling shlex v2.0.1
validate (ubuntu-latest)	Static checks	2026-10-08T00:59:22.8287139Z    Compiling find-msvc-tools v0.1.14
validate (ubuntu-latest)	Static checks	2026-10-08T00:59:22.8297056Z    Compiling proc-macro2 v1.0.107
validate (ubuntu-latest)	Static checks	2026-10-08T00:59:22.8297935Z    Compiling serde_core v1.0.229
validate (ubuntu-latest)	Static checks	2026-10-08T00:59:22.9373125Z    Compiling cc v1.6.0
validate (ubuntu-latest)	Static checks	2026-10-08T00:59:22.9846686Z    Compiling tree-sitter-language v0.1.8
validate (ubuntu-latest)	Static checks	2026-10-08T00:59:23.0559347Z    Compiling unicode-ident v1.0.26
validate (ubuntu-latest)	Static checks	2026-10-08T00:59:23.0707217Z    Compiling quote v1.0.47
validate (ubuntu-latest)	Static checks	2026-10-08T00:59:23.2247112Z    Compiling zmij v1.0.23
validate (ubuntu-latest)	Static checks	2026-10-08T00:59:23.3557959Z     Checking memchr v2.8.3
validate (ubuntu-latest)	Static checks	2026-10-08T00:59:23.7267362Z    Compiling version_check v0.9.5
validate (ubuntu-latest)	Static checks	2026-10-08T00:59:23.8807650Z    Compiling syn v3.0.6
validate (ubuntu-latest)	Static checks	2026-10-08T00:59:23.9377221Z    Compiling generic-array v0.14.7
validate (ubuntu-latest)	Static checks	2026-10-08T00:59:24.0186230Z    Compiling libc v0.2.190
validate (ubuntu-latest)	Static checks	2026-10-08T00:59:24.4777287Z     Checking aho-corasick v1.1.5
validate (ubuntu-latest)	Static checks	2026-10-08T00:59:24.4860133Z    Compiling autocfg v1.5.1
validate (ubuntu-latest)	Static checks	2026-10-08T00:59:24.7707267Z    Compiling hashbrown v0.17.1
validate (ubuntu-latest)	Static checks	2026-10-08T00:59:24.8515807Z    Compiling serde v1.0.229
validate (ubuntu-latest)	Static checks	2026-10-08T00:59:25.0077194Z    Compiling serde_json v1.0.151
validate (ubuntu-latest)	Static checks	2026-10-08T00:59:25.0927388Z     Checking regex-syntax v0.8.11
validate (ubuntu-latest)	Static checks	2026-10-08T00:59:25.1505706Z     Checking typenum v1.20.1
validate (ubuntu-latest)	Static checks	2026-10-08T00:59:25.3175086Z     Checking foldhash v0.2.0
validate (ubuntu-latest)	Static checks	2026-10-08T00:59:25.3857331Z    Compiling equivalent v1.0.2
validate (ubuntu-latest)	Static checks	2026-10-08T00:59:25.4177450Z    Compiling crossbeam-utils v0.8.23
validate (ubuntu-latest)	Static checks	2026-10-08T00:59:25.5547310Z    Compiling indexmap v2.14.2
validate (ubuntu-latest)	Static checks	2026-10-08T00:59:26.2801893Z    Compiling num-traits v0.2.19
validate (ubuntu-latest)	Static checks	2026-10-08T00:59:26.4327305Z     Checking regex-automata v0.4.18
validate (ubuntu-latest)	Static checks	2026-10-08T00:59:27.2789382Z    Compiling serde_derive v1.0.229
validate (ubuntu-latest)	Static checks	2026-10-08T00:59:27.5127154Z    Compiling itoa v1.0.18
validate (ubuntu-latest)	Static checks	2026-10-08T00:59:27.6228883Z    Compiling pkg-config v0.3.34
validate (ubuntu-latest)	Static checks	2026-10-08T00:59:27.9277231Z     Checking utf8parse v0.2.2
validate (ubuntu-latest)	Static checks	2026-10-08T00:59:27.9667467Z     Checking cfg-if v1.0.5
validate (ubuntu-latest)	Static checks	2026-10-08T00:59:27.9849924Z    Compiling vcpkg v0.2.15
validate (ubuntu-latest)	Static checks	2026-10-08T00:59:28.0267228Z    Compiling getrandom v0.4.3
validate (ubuntu-latest)	Static checks	2026-10-08T00:59:28.1438018Z    Compiling crossbeam-epoch v0.9.21
validate (ubuntu-latest)	Static checks	2026-10-08T00:59:28.5507290Z    Compiling libsqlite3-sys v0.38.2
validate (ubuntu-latest)	Static checks	2026-10-08T00:59:28.7207259Z     Checking anstyle-parse v1.0.0
validate (ubuntu-latest)	Static checks	2026-10-08T00:59:28.8697271Z     Checking anstyle-query v1.1.5
validate (ubuntu-latest)	Static checks	2026-10-08T00:59:28.8977218Z     Checking siphasher v1.0.4
validate (ubuntu-latest)	Static checks	2026-10-08T00:59:28.9967538Z     Checking anstyle v1.0.14
validate (ubuntu-latest)	Static checks	2026-10-08T00:59:29.0937152Z     Checking colorchoice v1.0.5
validate (ubuntu-latest)	Static checks	2026-10-08T00:59:29.1007661Z     Checking bitflags v2.13.2
validate (ubuntu-latest)	Static checks	2026-10-08T00:59:29.1297744Z    Compiling crossbeam-deque v0.8.8
validate (ubuntu-latest)	Static checks	2026-10-08T00:59:29.2007264Z     Checking is_terminal_polyfill v1.70.2
validate (ubuntu-latest)	Static checks	2026-10-08T00:59:29.2225540Z     Checking anstream v1.0.0
validate (ubuntu-latest)	Static checks	2026-10-08T00:59:29.3557254Z     Checking phf_shared v0.12.1
validate (ubuntu-latest)	Static checks	2026-10-08T00:59:29.6767311Z    Compiling tree-sitter v0.25.10
validate (ubuntu-latest)	Static checks	2026-10-08T00:59:29.8267083Z     Checking block-buffer v0.10.4
validate (ubuntu-latest)	Static checks	2026-10-08T00:59:29.8602679Z     Checking crypto-common v0.1.7
validate (ubuntu-latest)	Static checks	2026-10-08T00:59:29.8837788Z    Compiling tree-sitter-javascript v0.25.0
validate (ubuntu-latest)	Static checks	2026-10-08T00:59:29.8985783Z    Compiling tree-sitter-typescript v0.23.2
validate (ubuntu-latest)	Static checks	2026-10-08T00:59:29.9917772Z    Compiling tree-sitter-python v0.25.0
validate (ubuntu-latest)	Static checks	2026-10-08T00:59:30.0137540Z     Checking bstr v1.13.1
validate (ubuntu-latest)	Static checks	2026-10-08T00:59:30.0957621Z    Compiling chrono-tz v0.10.4
validate (ubuntu-latest)	Static checks	2026-10-08T00:59:30.1747264Z    Compiling heck v0.5.0
validate (ubuntu-latest)	Static checks	2026-10-08T00:59:30.3017510Z     Checking log v0.4.34
validate (ubuntu-latest)	Static checks	2026-10-08T00:59:30.3039334Z     Checking same-file v1.0.6
validate (ubuntu-latest)	Static checks	2026-10-08T00:59:30.3477593Z     Checking winnow v1.0.4
validate (ubuntu-latest)	Static checks	2026-10-08T00:59:30.4147235Z     Checking strsim v0.11.1
validate (ubuntu-latest)	Static checks	2026-10-08T00:59:30.4747202Z     Checking iana-time-zone v0.1.65
validate (ubuntu-latest)	Static checks	2026-10-08T00:59:30.5007313Z     Checking clap_lex v1.1.1
validate (ubuntu-latest)	Static checks	2026-10-08T00:59:30.5277219Z     Checking chrono v0.4.45
validate (ubuntu-latest)	Static checks	2026-10-08T00:59:30.5727656Z     Checking clap_builder v4.6.7
validate (ubuntu-latest)	Static checks	2026-10-08T00:59:30.5957520Z     Checking toml_parser v1.1.3+spec-1.1.0
validate (ubuntu-latest)	Static checks	2026-10-08T00:59:31.3760162Z     Checking globset v0.4.20
validate (ubuntu-latest)	Static checks	2026-10-08T00:59:31.3858777Z     Checking walkdir v2.5.0
validate (ubuntu-latest)	Static checks	2026-10-08T00:59:31.4747332Z    Compiling clap_derive v4.6.7
validate (ubuntu-latest)	Static checks	2026-10-08T00:59:38.3149566Z     Checking digest v0.10.7
validate (ubuntu-latest)	Static checks	2026-10-08T00:59:38.3207395Z     Checking phf v0.12.1
validate (ubuntu-latest)	Static checks	2026-10-08T00:59:38.4227658Z     Checking regex v1.13.1
validate (ubuntu-latest)	Static checks	2026-10-08T00:59:38.4557116Z     Checking hashlink v0.12.2
validate (ubuntu-latest)	Static checks	2026-10-08T00:59:38.5097392Z     Checking serde_spanned v1.1.1
validate (ubuntu-latest)	Static checks	2026-10-08T00:59:38.5597405Z     Checking toml_datetime v0.7.5+spec-1.1.0
validate (ubuntu-latest)	Static checks	2026-10-08T00:59:38.6687473Z     Checking unsafe-libyaml v0.2.11
validate (ubuntu-latest)	Static checks	2026-10-08T00:59:38.6837043Z     Checking smallvec v1.16.2
validate (ubuntu-latest)	Static checks	2026-10-08T00:59:38.8067202Z    Compiling rustix v1.1.5
validate (ubuntu-latest)	Static checks	2026-10-08T00:59:38.8697206Z     Checking cpufeatures v0.2.17
validate (ubuntu-latest)	Static checks	2026-10-08T00:59:38.8932766Z     Checking ryu v1.0.23
validate (ubuntu-latest)	Static checks	2026-10-08T00:59:38.9657441Z     Checking streaming-iterator v0.1.9
validate (ubuntu-latest)	Static checks	2026-10-08T00:59:38.9894114Z     Checking winnow v0.7.15
validate (ubuntu-latest)	Static checks	2026-10-08T00:59:39.1441198Z     Checking toml_writer v1.1.2+spec-1.1.0
validate (ubuntu-latest)	Static checks	2026-10-08T00:59:39.1777672Z     Checking fallible-streaming-iterator v0.1.9
validate (ubuntu-latest)	Static checks	2026-10-08T00:59:39.2491175Z     Checking fallible-iterator v0.3.0
validate (ubuntu-latest)	Static checks	2026-10-08T00:59:39.2537628Z     Checking serde_yaml_ng v0.10.0
validate (ubuntu-latest)	Static checks	2026-10-08T00:59:39.4796954Z     Checking rusqlite v0.40.2
validate (ubuntu-latest)	Static checks	2026-10-08T00:59:39.9707427Z     Checking sha2 v0.10.9
validate (ubuntu-latest)	Static checks	2026-10-08T00:59:40.0997158Z     Checking ignore v0.4.33
validate (ubuntu-latest)	Static checks	2026-10-08T00:59:40.1587937Z     Checking toml v0.9.12+spec-1.1.0
validate (ubuntu-latest)	Static checks	2026-10-08T00:59:40.5586448Z     Checking clap v4.6.7
validate (ubuntu-latest)	Static checks	2026-10-08T00:59:40.5613434Z     Checking uuid v1.27.0
validate (ubuntu-latest)	Static checks	2026-10-08T00:59:40.5847423Z     Checking fs2 v0.4.3
validate (ubuntu-latest)	Static checks	2026-10-08T00:59:40.6287243Z     Checking linux-raw-sys v0.12.1
validate (ubuntu-latest)	Static checks	2026-10-08T00:59:40.7146897Z     Checking fastrand v2.5.0
validate (ubuntu-latest)	Static checks	2026-10-08T00:59:40.7877147Z     Checking once_cell v1.21.4
validate (ubuntu-latest)	Static checks	2026-10-08T00:59:41.7319709Z     Checking tempfile v3.27.0
validate (ubuntu-latest)	Static checks	2026-10-08T00:59:43.1111321Z     Checking pctx v0.1.0-dev (/home/runner/work/pctx/pctx)
validate (ubuntu-latest)	Static checks	2026-10-08T00:59:46.7884008Z error: unneeded `return` statement
validate (ubuntu-latest)	Static checks	2026-10-08T00:59:46.7884810Z    --> src/runner.rs:634:9
validate (ubuntu-latest)	Static checks	2026-10-08T00:59:46.7885312Z     |
validate (ubuntu-latest)	Static checks	2026-10-08T00:59:46.7886163Z 634 |         return fields.get(19).map(|value| value.to_string());
validate (ubuntu-latest)	Static checks	2026-10-08T00:59:46.7887150Z     |         ^^^^^^^^^^^^^^^^^^^^^^^^^^^^^^^^^^^^^^^^^^^^^^^^^^^^
validate (ubuntu-latest)	Static checks	2026-10-08T00:59:46.7887785Z     |
validate (ubuntu-latest)	Static checks	2026-10-08T00:59:46.7889275Z     = help: for further information visit https://rust-lang.github.io/rust-clippy/rust-1.99.0/index.html#needless_return
validate (ubuntu-latest)	Static checks	2026-10-08T00:59:46.7897462Z     = note: `-D clippy::needless-return` implied by `-D warnings`
validate (ubuntu-latest)	Static checks	2026-10-08T00:59:46.7898804Z     = help: to override `-D warnings` add `#[allow(clippy::needless_return)]`
validate (ubuntu-latest)	Static checks	2026-10-08T00:59:46.7899525Z help: remove `return`
validate (ubuntu-latest)	Static checks	2026-10-08T00:59:46.7899957Z     |
validate (ubuntu-latest)	Static checks	2026-10-08T00:59:46.7900648Z 634 -         return fields.get(19).map(|value| value.to_string());
validate (ubuntu-latest)	Static checks	2026-10-08T00:59:46.7901605Z 634 +         fields.get(19).map(|value| value.to_string())
validate (ubuntu-latest)	Static checks	2026-10-08T00:59:46.7902287Z     |
validate (ubuntu-latest)	Static checks	2026-10-08T00:59:46.7902504Z
validate (ubuntu-latest)	Static checks	2026-10-08T00:59:46.7957667Z error: this `if` statement can be collapsed
validate (ubuntu-latest)	Static checks	2026-10-08T00:59:46.7958642Z     --> src/runner.rs:1234:9
validate (ubuntu-latest)	Static checks	2026-10-08T00:59:46.7959322Z      |
validate (ubuntu-latest)	Static checks	2026-10-08T00:59:46.7960866Z 1234 | /         if let Ok(text) = fs::read_to_string("/proc/meminfo") {
validate (ubuntu-latest)	Static checks	2026-10-08T00:59:46.7962451Z 1235 | |             if let Some(bytes) = text.lines().find_map(|line| {
validate (ubuntu-latest)	Static checks	2026-10-08T00:59:46.7963633Z 1236 | |                 line.strip_prefix("MemAvailable:").and_then(|s| {
validate (ubuntu-latest)	Static checks	2026-10-08T00:59:46.7964579Z 1237 | |                     s.split_whitespace()
validate (ubuntu-latest)	Static checks	2026-10-08T00:59:46.7965251Z ...    |
validate (ubuntu-latest)	Static checks	2026-10-08T00:59:46.7965796Z 1253 | |         }
validate (ubuntu-latest)	Static checks	2026-10-08T00:59:46.7966550Z      | |_________^
validate (ubuntu-latest)	Static checks	2026-10-08T00:59:46.7967038Z      |
validate (ubuntu-latest)	Static checks	2026-10-08T00:59:46.7968139Z      = help: for further information visit https://rust-lang.github.io/rust-clippy/rust-1.99.0/index.html#collapsible_if
validate (ubuntu-latest)	Static checks	2026-10-08T00:59:46.7969796Z      = note: `-D clippy::collapsible-if` implied by `-D warnings`
validate (ubuntu-latest)	Static checks	2026-10-08T00:59:46.7970938Z      = help: to override `-D warnings` add `#[allow(clippy::collapsible_if)]`
validate (ubuntu-latest)	Static checks	2026-10-08T00:59:46.7971764Z help: collapse nested if block
validate (ubuntu-latest)	Static checks	2026-10-08T00:59:46.7972278Z      |
validate (ubuntu-latest)	Static checks	2026-10-08T00:59:46.7973002Z 1234 ~         if let Ok(text) = fs::read_to_string("/proc/meminfo")
validate (ubuntu-latest)	Static checks	2026-10-08T00:59:46.7974044Z 1235 ~             && let Some(bytes) = text.lines().find_map(|line| {
validate (ubuntu-latest)	Static checks	2026-10-08T00:59:46.7975059Z 1236 |                 line.strip_prefix("MemAvailable:").and_then(|s| {
validate (ubuntu-latest)	Static checks	2026-10-08T00:59:46.7975842Z  ...
validate (ubuntu-latest)	Static checks	2026-10-08T00:59:46.7976459Z 1251 |                 });
validate (ubuntu-latest)	Static checks	2026-10-08T00:59:46.7977069Z 1252 ~             }
validate (ubuntu-latest)	Static checks	2026-10-08T00:59:46.7977556Z      |
validate (ubuntu-latest)	Static checks	2026-10-08T00:59:46.7977758Z
validate (ubuntu-latest)	Static checks	2026-10-08T00:59:46.9402833Z error: could not compile `pctx` (lib test) due to 2 previous errors
validate (ubuntu-latest)	Static checks	2026-10-08T00:59:46.9404371Z warning: build failed, waiting for other jobs to finish...
validate (ubuntu-latest)	Static checks	2026-10-08T00:59:47.0009838Z error: could not compile `pctx` (lib) due to 2 previous errors
validate (ubuntu-latest)	Static checks	2026-10-08T00:59:47.0385283Z ##[error]Process completed with exit code 101.
validate (macos-latest)	Unit and integration tests	﻿2026-10-08T01:01:02.0766890Z ##[group]Run cargo test --locked
validate (macos-latest)	Unit and integration tests	2026-10-08T01:01:02.0767610Z cargo test --locked
validate (macos-latest)	Unit and integration tests	2026-10-08T01:01:02.0901230Z shell: /bin/bash -e {0}
validate (macos-latest)	Unit and integration tests	2026-10-08T01:01:02.0901550Z env:
validate (macos-latest)	Unit and integration tests	2026-10-08T01:01:02.0905330Z   CARGO_HOME: /Users/runner/.cargo
validate (macos-latest)	Unit and integration tests	2026-10-08T01:01:02.0905700Z   CARGO_INCREMENTAL: 0
validate (macos-latest)	Unit and integration tests	2026-10-08T01:01:02.0905970Z   CARGO_TERM_COLOR: always
validate (macos-latest)	Unit and integration tests	2026-10-08T01:01:02.0906250Z ##[endgroup]
validate (macos-latest)	Unit and integration tests	2026-10-08T01:01:02.6459560Z    Compiling serde_core v1.0.229
validate (macos-latest)	Unit and integration tests	2026-10-08T01:01:02.6463050Z    Compiling libc v0.2.190
validate (macos-latest)	Unit and integration tests	2026-10-08T01:01:02.6463730Z    Compiling memchr v2.8.3
validate (macos-latest)	Unit and integration tests	2026-10-08T01:01:03.1954460Z    Compiling equivalent v1.0.2
validate (macos-latest)	Unit and integration tests	2026-10-08T01:01:03.2566640Z    Compiling itoa v1.0.18
validate (macos-latest)	Unit and integration tests	2026-10-08T01:01:03.4478840Z    Compiling zmij v1.0.23
validate (macos-latest)	Unit and integration tests	2026-10-08T01:01:03.5183430Z    Compiling aho-corasick v1.1.5
validate (macos-latest)	Unit and integration tests	2026-10-08T01:01:03.7573710Z    Compiling regex-syntax v0.8.11
validate (macos-latest)	Unit and integration tests	2026-10-08T01:01:04.9430610Z    Compiling foldhash v0.2.0
validate (macos-latest)	Unit and integration tests	2026-10-08T01:01:05.0841890Z    Compiling typenum v1.20.1
validate (macos-latest)	Unit and integration tests	2026-10-08T01:01:05.4166300Z    Compiling hashbrown v0.17.1
validate (macos-latest)	Unit and integration tests	2026-10-08T01:01:05.9170750Z    Compiling generic-array v0.14.7
validate (macos-latest)	Unit and integration tests	2026-10-08T01:01:05.9697200Z    Compiling regex-automata v0.4.18
validate (macos-latest)	Unit and integration tests	2026-10-08T01:01:06.5086730Z    Compiling indexmap v2.14.2
validate (macos-latest)	Unit and integration tests	2026-10-08T01:01:06.8365580Z    Compiling tree-sitter-language v0.1.8
validate (macos-latest)	Unit and integration tests	2026-10-08T01:01:06.8877170Z    Compiling cfg-if v1.0.5
validate (macos-latest)	Unit and integration tests	2026-10-08T01:01:06.9374310Z    Compiling utf8parse v0.2.2
validate (macos-latest)	Unit and integration tests	2026-10-08T01:01:07.0073990Z    Compiling anstyle-parse v1.0.0
validate (macos-latest)	Unit and integration tests	2026-10-08T01:01:07.1450110Z    Compiling serde_json v1.0.151
validate (macos-latest)	Unit and integration tests	2026-10-08T01:01:07.1522050Z    Compiling serde v1.0.229
validate (macos-latest)	Unit and integration tests	2026-10-08T01:01:07.7036180Z    Compiling crossbeam-utils v0.8.23
validate (macos-latest)	Unit and integration tests	2026-10-08T01:01:08.3374700Z    Compiling core-foundation-sys v0.8.7
validate (macos-latest)	Unit and integration tests	2026-10-08T01:01:08.4784950Z    Compiling bitflags v2.13.2
validate (macos-latest)	Unit and integration tests	2026-10-08T01:01:08.5648020Z    Compiling colorchoice v1.0.5
validate (macos-latest)	Unit and integration tests	2026-10-08T01:01:08.6361690Z    Compiling anstyle v1.0.14
validate (macos-latest)	Unit and integration tests	2026-10-08T01:01:08.6869200Z    Compiling siphasher v1.0.4
validate (macos-latest)	Unit and integration tests	2026-10-08T01:01:08.8442550Z    Compiling is_terminal_polyfill v1.70.2
validate (macos-latest)	Unit and integration tests	2026-10-08T01:01:08.8807690Z    Compiling anstyle-query v1.1.5
validate (macos-latest)	Unit and integration tests	2026-10-08T01:01:08.9237650Z    Compiling phf_shared v0.12.1
validate (macos-latest)	Unit and integration tests	2026-10-08T01:01:08.9649170Z    Compiling anstream v1.0.0
validate (macos-latest)	Unit and integration tests	2026-10-08T01:01:09.1106790Z    Compiling iana-time-zone v0.1.65
validate (macos-latest)	Unit and integration tests	2026-10-08T01:01:09.2525070Z    Compiling tree-sitter v0.25.10
validate (macos-latest)	Unit and integration tests	2026-10-08T01:01:09.3212400Z    Compiling crossbeam-epoch v0.9.21
validate (macos-latest)	Unit and integration tests	2026-10-08T01:01:09.7139700Z    Compiling num-traits v0.2.19
validate (macos-latest)	Unit and integration tests	2026-10-08T01:01:09.7618420Z    Compiling getrandom v0.4.3
validate (macos-latest)	Unit and integration tests	2026-10-08T01:01:09.8667430Z    Compiling crypto-common v0.1.7
validate (macos-latest)	Unit and integration tests	2026-10-08T01:01:09.9488100Z    Compiling block-buffer v0.10.4
validate (macos-latest)	Unit and integration tests	2026-10-08T01:01:10.0353280Z    Compiling bstr v1.13.1
validate (macos-latest)	Unit and integration tests	2026-10-08T01:01:10.4102780Z    Compiling same-file v1.0.6
validate (macos-latest)	Unit and integration tests	2026-10-08T01:01:10.5493770Z    Compiling strsim v0.11.1
validate (macos-latest)	Unit and integration tests	2026-10-08T01:01:10.5603750Z    Compiling log v0.4.34
validate (macos-latest)	Unit and integration tests	2026-10-08T01:01:10.5937390Z    Compiling winnow v1.0.4
validate (macos-latest)	Unit and integration tests	2026-10-08T01:01:10.7077210Z    Compiling clap_lex v1.1.1
validate (macos-latest)	Unit and integration tests	2026-10-08T01:01:10.8992560Z    Compiling toml_parser v1.1.3+spec-1.1.0
validate (macos-latest)	Unit and integration tests	2026-10-08T01:01:10.9134320Z    Compiling clap_builder v4.6.7
validate (macos-latest)	Unit and integration tests	2026-10-08T01:01:10.9479950Z    Compiling globset v0.4.20
validate (macos-latest)	Unit and integration tests	2026-10-08T01:01:11.6304320Z    Compiling walkdir v2.5.0
validate (macos-latest)	Unit and integration tests	2026-10-08T01:01:11.7515280Z    Compiling chrono v0.4.45
validate (macos-latest)	Unit and integration tests	2026-10-08T01:01:11.9743390Z    Compiling digest v0.10.7
validate (macos-latest)	Unit and integration tests	2026-10-08T01:01:12.1221160Z    Compiling libsqlite3-sys v0.38.2
validate (macos-latest)	Unit and integration tests	2026-10-08T01:01:13.4238380Z    Compiling crossbeam-deque v0.8.8
validate (macos-latest)	Unit and integration tests	2026-10-08T01:01:13.5981900Z    Compiling phf v0.12.1
validate (macos-latest)	Unit and integration tests	2026-10-08T01:01:13.6257700Z    Compiling regex v1.13.1
validate (macos-latest)	Unit and integration tests	2026-10-08T01:01:14.0407450Z    Compiling hashlink v0.12.2
validate (macos-latest)	Unit and integration tests	2026-10-08T01:01:14.2294660Z    Compiling toml_datetime v0.7.5+spec-1.1.0
validate (macos-latest)	Unit and integration tests	2026-10-08T01:01:14.2402800Z    Compiling serde_spanned v1.1.1
validate (macos-latest)	Unit and integration tests	2026-10-08T01:01:14.3380750Z    Compiling cpufeatures v0.2.17
validate (macos-latest)	Unit and integration tests	2026-10-08T01:01:14.3971970Z    Compiling streaming-iterator v0.1.9
validate (macos-latest)	Unit and integration tests	2026-10-08T01:01:14.4914710Z    Compiling winnow v0.7.15
validate (macos-latest)	Unit and integration tests	2026-10-08T01:01:14.6565860Z    Compiling ryu v1.0.23
validate (macos-latest)	Unit and integration tests	2026-10-08T01:01:14.7775590Z    Compiling fallible-streaming-iterator v0.1.9
validate (macos-latest)	Unit and integration tests	2026-10-08T01:01:14.8114900Z    Compiling toml_writer v1.1.2+spec-1.1.0
validate (macos-latest)	Unit and integration tests	2026-10-08T01:01:14.8789010Z    Compiling unsafe-libyaml v0.2.11
validate (macos-latest)	Unit and integration tests	2026-10-08T01:01:14.9415700Z    Compiling smallvec v1.16.2
validate (macos-latest)	Unit and integration tests	2026-10-08T01:01:15.0972990Z    Compiling fallible-iterator v0.3.0
validate (macos-latest)	Unit and integration tests	2026-10-08T01:01:15.3950170Z    Compiling rusqlite v0.40.2
validate (macos-latest)	Unit and integration tests	2026-10-08T01:01:15.8226420Z    Compiling serde_yaml_ng v0.10.0
validate (macos-latest)	Unit and integration tests	2026-10-08T01:01:16.1348530Z    Compiling toml v0.9.12+spec-1.1.0
validate (macos-latest)	Unit and integration tests	2026-10-08T01:01:17.7632120Z    Compiling sha2 v0.10.9
validate (macos-latest)	Unit and integration tests	2026-10-08T01:01:17.7960030Z    Compiling chrono-tz v0.10.4
validate (macos-latest)	Unit and integration tests	2026-10-08T01:01:17.9851290Z    Compiling ignore v0.4.33
validate (macos-latest)	Unit and integration tests	2026-10-08T01:01:18.0224280Z    Compiling clap v4.6.7
validate (macos-latest)	Unit and integration tests	2026-10-08T01:01:18.0632730Z    Compiling tree-sitter-python v0.25.0
validate (macos-latest)	Unit and integration tests	2026-10-08T01:01:18.1188800Z    Compiling tree-sitter-javascript v0.25.0
validate (macos-latest)	Unit and integration tests	2026-10-08T01:01:18.1741630Z    Compiling tree-sitter-typescript v0.23.2
validate (macos-latest)	Unit and integration tests	2026-10-08T01:01:19.2978290Z    Compiling uuid v1.27.0
validate (macos-latest)	Unit and integration tests	2026-10-08T01:01:19.9174870Z    Compiling fs2 v0.4.3
validate (macos-latest)	Unit and integration tests	2026-10-08T01:01:19.9841100Z    Compiling errno v0.3.14
validate (macos-latest)	Unit and integration tests	2026-10-08T01:01:20.1205620Z    Compiling rustix v1.1.5
validate (macos-latest)	Unit and integration tests	2026-10-08T01:01:20.1420560Z    Compiling once_cell v1.21.4
validate (macos-latest)	Unit and integration tests	2026-10-08T01:01:20.3386490Z    Compiling fastrand v2.5.0
validate (macos-latest)	Unit and integration tests	2026-10-08T01:01:21.5132060Z    Compiling tempfile v3.27.0
validate (macos-latest)	Unit and integration tests	2026-10-08T01:01:23.2232080Z    Compiling pctx v0.1.0-dev (/Users/runner/work/pctx/pctx)
validate (macos-latest)	Unit and integration tests	2026-10-08T01:01:41.9974540Z     Finished `test` profile [unoptimized + debuginfo] target(s) in 39.76s
validate (macos-latest)	Unit and integration tests	2026-10-08T01:01:42.0192040Z      Running unittests src/lib.rs (target/debug/deps/pctx-a42c4641b3f54e97)
validate (macos-latest)	Unit and integration tests	2026-10-08T01:01:42.0318520Z
validate (macos-latest)	Unit and integration tests	2026-10-08T01:01:42.0319780Z running 6 tests
validate (macos-latest)	Unit and integration tests	2026-10-08T01:01:42.0399350Z test output::capture_tests::incomplete_private_key_never_reaches_records ... ok
validate (macos-latest)	Unit and integration tests	2026-10-08T01:01:42.0446630Z test broker::tests::nul_names_rename_and_unborn_metadata_are_machine_parsed ... ok
validate (macos-latest)	Unit and integration tests	2026-10-08T01:01:42.0467010Z test search::tests::boolean_precedence_and_bounds ... ok
validate (macos-latest)	Unit and integration tests	2026-10-08T01:01:42.0469500Z test search::tests::literal_smart_case ... ok
validate (macos-latest)	Unit and integration tests	2026-10-08T01:01:42.0472350Z test output::capture_tests::split_secret_and_ansi_never_survive_normalization ... ok
validate (macos-latest)	Unit and integration tests	2026-10-08T01:01:42.0542010Z test output::capture_tests::oversize_binary_invalid_utf8_and_record_counts_are_bounded ... ok
validate (macos-latest)	Unit and integration tests	2026-10-08T01:01:42.0542670Z
validate (macos-latest)	Unit and integration tests	2026-10-08T01:01:42.0543010Z test result: ok. 6 passed; 0 failed; 0 ignored; 0 measured; 0 filtered out; finished in 0.02s
validate (macos-latest)	Unit and integration tests	2026-10-08T01:01:42.0543300Z
validate (macos-latest)	Unit and integration tests	2026-10-08T01:01:42.0549940Z      Running unittests src/main.rs (target/debug/deps/pctx-4027f78d6ca68d47)
validate (macos-latest)	Unit and integration tests	2026-10-08T01:01:42.0633230Z
validate (macos-latest)	Unit and integration tests	2026-10-08T01:01:42.0633980Z running 0 tests
validate (macos-latest)	Unit and integration tests	2026-10-08T01:01:42.0634240Z
validate (macos-latest)	Unit and integration tests	2026-10-08T01:01:42.0634600Z test result: ok. 0 passed; 0 failed; 0 ignored; 0 measured; 0 filtered out; finished in 0.00s
validate (macos-latest)	Unit and integration tests	2026-10-08T01:01:42.0635030Z
validate (macos-latest)	Unit and integration tests	2026-10-08T01:01:42.0637630Z      Running tests/adapter.rs (target/debug/deps/adapter-ad80e07c384913f9)
validate (macos-latest)	Unit and integration tests	2026-10-08T01:01:42.0727800Z
validate (macos-latest)	Unit and integration tests	2026-10-08T01:01:42.0729470Z running 10 tests
validate (macos-latest)	Unit and integration tests	2026-10-08T01:01:42.1110370Z test malformed_and_version_variation_are_rejected_without_mutation ... ok
validate (macos-latest)	Unit and integration tests	2026-10-08T01:01:42.1308850Z test edited_owned_hook_conflicts_without_partial_removal ... ok
validate (macos-latest)	Unit and integration tests	2026-10-08T01:01:42.1340190Z test permission_events_are_observation_only ... ok
validate (macos-latest)	Unit and integration tests	2026-10-08T01:01:42.1793580Z test events_delegate_epoch_and_never_ack_or_store_dialogue ... ok
validate (macos-latest)	Unit and integration tests	2026-10-08T01:01:42.1827470Z test pretool_decisions_never_rewrite_or_execute_declared_commands ... ok
validate (macos-latest)	Unit and integration tests	2026-10-08T01:01:42.1981510Z test plans_are_hash_bound_and_preserve_existing_settings ... ok
validate (macos-latest)	Unit and integration tests	2026-10-08T01:01:42.2012350Z test stale_plans_do_not_change_config ... ok
validate (macos-latest)	Unit and integration tests	2026-10-08T01:01:42.2085850Z test symlink_configuration_is_rejected ... ok
validate (macos-latest)	Unit and integration tests	2026-10-08T01:01:42.2391230Z test statusline_cost_is_estimate_context_is_snapshot_and_epoch_is_checked ... ok
validate (macos-latest)	Unit and integration tests	2026-10-08T01:01:42.2392020Z test uninstall_preserves_user_changes_and_only_removes_new_entries ... ok
validate (macos-latest)	Unit and integration tests	2026-10-08T01:01:42.2392400Z
validate (macos-latest)	Unit and integration tests	2026-10-08T01:01:42.2392710Z test result: ok. 10 passed; 0 failed; 0 ignored; 0 measured; 0 filtered out; finished in 0.17s
validate (macos-latest)	Unit and integration tests	2026-10-08T01:01:42.2393110Z
validate (macos-latest)	Unit and integration tests	2026-10-08T01:01:42.2400760Z      Running tests/broker.rs (target/debug/deps/broker-7718541234dd03f1)
validate (macos-latest)	Unit and integration tests	2026-10-08T01:01:42.2486180Z
validate (macos-latest)	Unit and integration tests	2026-10-08T01:01:42.2489860Z running 7 tests
validate (macos-latest)	Unit and integration tests	2026-10-08T01:01:42.4024930Z test field_selection_and_nul_filenames_do_not_emit_paths_or_source ... ok
validate (macos-latest)	Unit and integration tests	2026-10-08T01:01:42.5986000Z test concurrent_refresh_is_shared_but_workspace_and_policy_keys_are_isolated ... ok
validate (macos-latest)	Unit and integration tests	2026-10-08T01:01:42.6123630Z test five_actual_cli_processes_share_one_refresh ... ok
validate (macos-latest)	Unit and integration tests	2026-10-08T01:01:42.7084860Z test non_git_is_unsupported_and_corrupt_git_is_never_empty_or_clean ... ok
validate (macos-latest)	Unit and integration tests	2026-10-08T01:01:42.8110060Z test proven_dead_refresh_owner_can_be_reclaimed_without_ttl_guessing ... ok
validate (macos-latest)	Unit and integration tests	2026-10-08T01:01:42.8374250Z test repo_fsmonitor_script_is_never_executed ... ok
validate (macos-latest)	Unit and integration tests	2026-10-08T01:01:43.0643100Z test live_refresh_owner_is_not_stolen_by_age_and_returns_pending ... ok
validate (macos-latest)	Unit and integration tests	2026-10-08T01:01:43.0644980Z
validate (macos-latest)	Unit and integration tests	2026-10-08T01:01:43.0646520Z test result: ok. 7 passed; 0 failed; 0 ignored; 0 measured; 0 filtered out; finished in 0.82s
validate (macos-latest)	Unit and integration tests	2026-10-08T01:01:43.0648920Z      Running tests/cli_contract.rs (target/debug/deps/cli_contract-50631fd3235fe685)
validate (macos-latest)	Unit and integration tests	2026-10-08T01:01:43.0649990Z
validate (macos-latest)	Unit and integration tests	2026-10-08T01:01:43.0697780Z
validate (macos-latest)	Unit and integration tests	2026-10-08T01:01:43.0704650Z running 5 tests
validate (macos-latest)	Unit and integration tests	2026-10-08T01:01:43.0885230Z test invalid_json_cli_inputs_still_return_one_json_document ... ok
validate (macos-latest)	Unit and integration tests	2026-10-08T01:01:43.3100450Z test context_budget_is_exact_json_and_required_rules_are_not_cut ... ok
validate (macos-latest)	Unit and integration tests	2026-10-08T01:01:43.3995050Z test non_git_exploration_changes_and_idempotent_init ... ok
validate (macos-latest)	Unit and integration tests	2026-10-08T01:01:43.4704940Z test security_applies_to_direct_reads_and_cached_metadata ... ok
validate (macos-latest)	Unit and integration tests	2026-10-08T01:01:45.2397190Z test ndjson_snapshot_follow_and_resume_have_no_event_gap ... ok
validate (macos-latest)	Unit and integration tests	2026-10-08T01:01:45.2399270Z
validate (macos-latest)	Unit and integration tests	2026-10-08T01:01:45.2399660Z test result: ok. 5 passed; 0 failed; 0 ignored; 0 measured; 0 filtered out; finished in 2.17s
validate (macos-latest)	Unit and integration tests	2026-10-08T01:01:45.2400150Z
validate (macos-latest)	Unit and integration tests	2026-10-08T01:01:45.2408740Z      Running tests/concurrency.rs (target/debug/deps/concurrency-93e40cdf4f5b07e6)
validate (macos-latest)	Unit and integration tests	2026-10-08T01:01:45.2567390Z
validate (macos-latest)	Unit and integration tests	2026-10-08T01:01:45.2573540Z running 9 tests
validate (macos-latest)	Unit and integration tests	2026-10-08T01:01:45.3388950Z test agent_cannot_authorize_execution_trust ... ok
validate (macos-latest)	Unit and integration tests	2026-10-08T01:01:45.4482320Z test agent_capability_cannot_grant_owner_authority ... ok
validate (macos-latest)	Unit and integration tests	2026-10-08T01:01:45.5302330Z test git_status_does_not_run_unbound_repository_fsmonitor ... ok
validate (macos-latest)	Unit and integration tests	2026-10-08T01:01:45.6495140Z test check_changed_during_external_execution_stays_stale ... ok
validate (macos-latest)	Unit and integration tests	2026-10-08T01:01:45.6676990Z test changed_source_and_definition_do_not_reuse_check_evidence ... ok
validate (macos-latest)	Unit and integration tests	2026-10-08T01:01:45.8121080Z test report_replay_and_revision_conflict_are_visible_at_cli ... ok
validate (macos-latest)	Unit and integration tests	2026-10-08T01:01:45.9320920Z test ten_readers_and_two_writers_see_published_generations ... ok
validate (macos-latest)	Unit and integration tests	2026-10-08T01:01:45.9938490Z test two_process_claims_have_one_winner ... ok
validate (macos-latest)	Unit and integration tests	2026-10-08T01:01:46.0736350Z test session_ack_and_epoch_cannot_be_changed_by_other_agent ... ok
validate (macos-latest)	Unit and integration tests	2026-10-08T01:01:46.0744020Z      Running tests/core_security.rs (target/debug/deps/core_security-cc61ea3754357ae0)
validate (macos-latest)	Unit and integration tests	2026-10-08T01:01:46.0744550Z
validate (macos-latest)	Unit and integration tests	2026-10-08T01:01:46.0747140Z test result: ok. 9 passed; 0 failed; 0 ignored; 0 measured; 0 filtered out; finished in 0.82s
validate (macos-latest)	Unit and integration tests	2026-10-08T01:01:46.0747650Z
validate (macos-latest)	Unit and integration tests	2026-10-08T01:01:46.0787700Z
validate (macos-latest)	Unit and integration tests	2026-10-08T01:01:46.0788160Z running 12 tests
validate (macos-latest)	Unit and integration tests	2026-10-08T01:01:46.1409400Z test cr01_handoff_symlink_cannot_write_outside_project ... ok
validate (macos-latest)	Unit and integration tests	2026-10-08T01:01:46.2551480Z test checkpoint_scope_unique_rename_and_checksum_failure_are_explicit ... ok
validate (macos-latest)	Unit and integration tests	2026-10-08T01:01:46.2558510Z test cr04_require_complete_does_not_hide_skipped_input ... ok
validate (macos-latest)	Unit and integration tests	2026-10-08T01:01:46.2670600Z test cr02_embedded_private_key_fragments_are_masked ... ok
validate (macos-latest)	Unit and integration tests	2026-10-08T01:01:46.2985170Z test cr06_equals_format_errors_are_single_json_documents ... ok
validate (macos-latest)	Unit and integration tests	2026-10-08T01:01:46.3735180Z test cr08_checkpoint_metadata_obeys_new_security_exclusions ... ok
validate (macos-latest)	Unit and integration tests	2026-10-08T01:01:46.3858070Z test cr05_public_envelope_reports_truncation_and_parser_partial ... ok
validate (macos-latest)	Unit and integration tests	2026-10-08T01:01:46.3965970Z test cr09_freshness_is_validated_and_off_is_visible ... ok
validate (macos-latest)	Unit and integration tests	2026-10-08T01:01:46.5043780Z test rebuild_refuses_foreign_workspace_without_replacing_index ... ok
validate (macos-latest)	Unit and integration tests	2026-10-08T01:01:46.6208300Z test rebuild_refuses_newer_schema_without_replacing_original ... ok
validate (macos-latest)	Unit and integration tests	2026-10-08T01:01:46.6682060Z test rebuild_preserves_checkpoints_and_quarantines_corrupt_index ... ok
validate (macos-latest)	Unit and integration tests	2026-10-08T01:01:49.1289440Z test cr10_explicit_seed_limit_is_reported ... ok
validate (macos-latest)	Unit and integration tests	2026-10-08T01:01:49.1291610Z
validate (macos-latest)	Unit and integration tests	2026-10-08T01:01:49.1292700Z test result: ok. 12 passed; 0 failed; 0 ignored; 0 measured; 0 filtered out; finished in 3.05s
validate (macos-latest)	Unit and integration tests	2026-10-08T01:01:49.1293650Z
validate (macos-latest)	Unit and integration tests	2026-10-08T01:01:49.1304740Z      Running tests/filters.rs (target/debug/deps/filters-5a48f50a6cb28146)
validate (macos-latest)	Unit and integration tests	2026-10-08T01:01:49.1389620Z
validate (macos-latest)	Unit and integration tests	2026-10-08T01:01:49.1392750Z running 7 tests
validate (macos-latest)	Unit and integration tests	2026-10-08T01:01:49.1805760Z test protect_beats_drop_dedup_keeps_occurrences_ranges_and_no_pass_claim ... ok
validate (macos-latest)	Unit and integration tests	2026-10-08T01:01:49.4764590Z test changed_fixture_cannot_activate_old_report_and_bounds_are_explicit ... ok
validate (macos-latest)	Unit and integration tests	2026-10-08T01:01:49.5022180Z test secrets_cr_and_unicode_are_safe_and_protected_survives_excerpt ... ok
validate (macos-latest)	Unit and integration tests	2026-10-08T01:01:49.5273950Z test strict_keys_operations_and_regex_no_code_execution ... ok
validate (macos-latest)	Unit and integration tests	2026-10-08T01:01:49.5477940Z test structured_fields_grouping_and_excerpt_keep_protected_metadata ... ok
validate (macos-latest)	Unit and integration tests	2026-10-08T01:01:49.6699260Z test saved_output_custom_render_preserves_observed_failure_without_rerun ... ok
validate (macos-latest)	Unit and integration tests	2026-10-08T01:01:50.0470490Z test full_fixture_activation_hash_invalidation_and_exact_match_ambiguity ... ok
validate (macos-latest)	Unit and integration tests	2026-10-08T01:01:50.0471800Z
validate (macos-latest)	Unit and integration tests	2026-10-08T01:01:50.0472170Z test result: ok. 7 passed; 0 failed; 0 ignored; 0 measured; 0 filtered out; finished in 0.91s
validate (macos-latest)	Unit and integration tests	2026-10-08T01:01:50.0473570Z
validate (macos-latest)	Unit and integration tests	2026-10-08T01:01:50.0474460Z      Running tests/graph.rs (target/debug/deps/graph-6d2b179872f947c5)
validate (macos-latest)	Unit and integration tests	2026-10-08T01:01:50.0621180Z
validate (macos-latest)	Unit and integration tests	2026-10-08T01:01:50.0654170Z running 4 tests
validate (macos-latest)	Unit and integration tests	2026-10-08T01:01:50.1865830Z test workspace_exports_and_dynamic_import_are_explicit ... ok
validate (macos-latest)	Unit and integration tests	2026-10-08T01:01:50.2074680Z test alias_configuration_changes_invalidate_without_index_refresh ... ok
validate (macos-latest)	Unit and integration tests	2026-10-08T01:01:50.2191830Z test import_cycles_have_bounded_traversal_and_reverse_impact_is_inferred ... ok
validate (macos-latest)	Unit and integration tests	2026-10-08T01:01:50.2516410Z test workspaces_and_policy_are_never_cross_used ... ok
validate (macos-latest)	Unit and integration tests	2026-10-08T01:01:50.2517510Z
validate (macos-latest)	Unit and integration tests	2026-10-08T01:01:50.2518170Z test result: ok. 4 passed; 0 failed; 0 ignored; 0 measured; 0 filtered out; finished in 0.19s
validate (macos-latest)	Unit and integration tests	2026-10-08T01:01:50.2519150Z
validate (macos-latest)	Unit and integration tests	2026-10-08T01:01:50.2520400Z      Running tests/operations.rs (target/debug/deps/operations-c6876250abd9ce32)
validate (macos-latest)	Unit and integration tests	2026-10-08T01:01:50.2596340Z
validate (macos-latest)	Unit and integration tests	2026-10-08T01:01:50.2597910Z running 7 tests
validate (macos-latest)	Unit and integration tests	2026-10-08T01:01:50.3367060Z test exact_decisions_deduplicate_but_changed_environment_amount_artifact_do_not ... ok
validate (macos-latest)	Unit and integration tests	2026-10-08T01:01:50.3654390Z test forged_agent_owner_decision_does_not_generate_grant ... ok
validate (macos-latest)	Unit and integration tests	2026-10-08T01:01:50.4287780Z test mailbox_retry_is_queued_once_and_ack_is_recipient_bound ... ok
validate (macos-latest)	Unit and integration tests	2026-10-08T01:01:50.4332600Z test role_pause_blocks_claim_without_mutating_task_or_run ... ok
validate (macos-latest)	Unit and integration tests	2026-10-08T01:01:50.4941840Z test silence_hides_topic_and_body_before_inbox_ranking ... ok
validate (macos-latest)	Unit and integration tests	2026-10-08T01:01:50.5310050Z test backup_restore_preserves_pause_silence_and_messages_but_revokes_grants ... ok
validate (macos-latest)	Unit and integration tests	2026-10-08T01:01:50.5319000Z test unknown_cost_pause_and_silence_override_valid_grant ... ok
validate (macos-latest)	Unit and integration tests	2026-10-08T01:01:50.5319530Z
validate (macos-latest)	Unit and integration tests	2026-10-08T01:01:50.5320100Z test result: ok. 7 passed; 0 failed; 0 ignored; 0 measured; 0 filtered out; finished in 0.27s
validate (macos-latest)	Unit and integration tests	2026-10-08T01:01:50.5321240Z
validate (macos-latest)	Unit and integration tests	2026-10-08T01:01:50.5329800Z      Running tests/output.rs (target/debug/deps/output-37ba571dbcf6fa52)
validate (macos-latest)	Unit and integration tests	2026-10-08T01:01:50.5467330Z
validate (macos-latest)	Unit and integration tests	2026-10-08T01:01:50.5469440Z running 8 tests
validate (macos-latest)	Unit and integration tests	2026-10-08T01:01:50.6395350Z test agent_cannot_mint_execution_trust_and_git_helpers_are_unavailable ... ok
validate (macos-latest)	Unit and integration tests	2026-10-08T01:01:50.6572960Z test exact_trust_child_exit_and_reread_without_execution ... ok
validate (macos-latest)	Unit and integration tests	2026-10-08T01:01:50.6790160Z test diagnostic_extract_binds_original_source_and_rereads_without_execution ... ok
validate (macos-latest)	Unit and integration tests	2026-10-08T01:01:50.7190480Z test masking_is_before_storage_and_cr_preserves_error ... ok
validate (macos-latest)	Unit and integration tests	2026-10-08T01:01:50.7256740Z test opaque_shell_heavy_and_bad_identifiers_rejected ... ok
validate (macos-latest)	Unit and integration tests	2026-10-08T01:01:50.7451730Z test none_expiry_tamper_and_policy_change_cannot_restore_records ... ok
validate (macos-latest)	Unit and integration tests	2026-10-08T01:01:50.7820480Z test typed_full_report_preserves_failed_counts_without_becoming_gate_evidence ... ok
validate (macos-latest)	Unit and integration tests	2026-10-08T01:01:50.9710600Z test nonzero_and_timeout_are_not_filter_success ... ok
validate (macos-latest)	Unit and integration tests	2026-10-08T01:01:50.9711080Z
validate (macos-latest)	Unit and integration tests	2026-10-08T01:01:50.9711380Z test result: ok. 8 passed; 0 failed; 0 ignored; 0 measured; 0 filtered out; finished in 0.42s
validate (macos-latest)	Unit and integration tests	2026-10-08T01:01:50.9711830Z
validate (macos-latest)	Unit and integration tests	2026-10-08T01:01:50.9715720Z      Running tests/pack.rs (target/debug/deps/pack-152283f8cd0ef17d)
validate (macos-latest)	Unit and integration tests	2026-10-08T01:01:50.9798180Z
validate (macos-latest)	Unit and integration tests	2026-10-08T01:01:50.9803270Z running 10 tests
validate (macos-latest)	Unit and integration tests	2026-10-08T01:01:51.0909390Z test forged_budgets_parts_and_json_complexity_are_rejected_before_load ... ok
validate (macos-latest)	Unit and integration tests	2026-10-08T01:01:51.0992490Z test giant_item_and_total_budget_fail_without_plans_or_publication ... ok
validate (macos-latest)	Unit and integration tests	2026-10-08T01:01:51.1869820Z test immutable_plan_has_no_source_metadata_default_and_full_masks_preserves_license ... ok
validate (macos-latest)	Unit and integration tests	2026-10-08T01:01:51.2103660Z test inspection_reapplies_source_artifact_policy_and_masks_untrusted_manifest ... ok
validate (macos-latest)	Unit and integration tests	2026-10-08T01:01:51.2807560Z test integrity_tamper_missing_parts_and_missing_original_are_distinct ... ok
validate (macos-latest)	Unit and integration tests	2026-10-08T01:01:51.3322910Z test signatures_keep_notices_and_single_json_verifies ... ok
validate (macos-latest)	Unit and integration tests	2026-10-08T01:01:51.3369120Z test racing_artifact_parent_symlink_never_reads_outside_marker ... ok
validate (macos-latest)	Unit and integration tests	2026-10-08T01:01:51.3803480Z test stale_source_policy_task_and_wrong_expected_hash_do_not_publish ... ok
validate (macos-latest)	Unit and integration tests	2026-10-08T01:01:51.4659440Z test symlink_output_input_overlap_and_overwrite_are_denied ... ok
validate (macos-latest)	Unit and integration tests	2026-10-08T01:01:51.5679140Z test task_or_parser_revision_changes_make_current_source_pack_stale ... ok
validate (macos-latest)	Unit and integration tests	2026-10-08T01:01:51.5680200Z
validate (macos-latest)	Unit and integration tests	2026-10-08T01:01:51.5681100Z test result: ok. 10 passed; 0 failed; 0 ignored; 0 measured; 0 filtered out; finished in 0.59s
validate (macos-latest)	Unit and integration tests	2026-10-08T01:01:51.5681720Z
validate (macos-latest)	Unit and integration tests	2026-10-08T01:01:51.5683880Z      Running tests/project_documents.rs (target/debug/deps/project_documents-e1c35422b1caf1b8)
validate (macos-latest)	Unit and integration tests	2026-10-08T01:01:51.5748720Z
validate (macos-latest)	Unit and integration tests	2026-10-08T01:01:51.5749720Z running 5 tests
validate (macos-latest)	Unit and integration tests	2026-10-08T01:01:51.6331020Z test decisions_keep_superseded_records_and_report_unresolved_references ... ok
validate (macos-latest)	Unit and integration tests	2026-10-08T01:01:51.6442250Z test rules_are_scoped_required_and_keep_source_provenance ... ok
validate (macos-latest)	Unit and integration tests	2026-10-08T01:01:51.6447730Z test legacy_instructions_are_opaque_and_all_returned_metadata_is_masked ... ok
validate (macos-latest)	Unit and integration tests	2026-10-08T01:01:51.6842590Z test tags_aliases_duplicate_ids_and_excess_nesting_are_rejected ... ok
validate (macos-latest)	Unit and integration tests	2026-10-08T01:01:51.6884200Z test structured_conflicts_fail_but_natural_contradictions_remain_data ... ok
validate (macos-latest)	Unit and integration tests	2026-10-08T01:01:51.6885090Z
validate (macos-latest)	Unit and integration tests	2026-10-08T01:01:51.6885750Z test result: ok. 5 passed; 0 failed; 0 ignored; 0 measured; 0 filtered out; finished in 0.11s
validate (macos-latest)	Unit and integration tests	2026-10-08T01:01:51.6886630Z
validate (macos-latest)	Unit and integration tests	2026-10-08T01:01:51.6887430Z      Running tests/quota.rs (target/debug/deps/quota-10f33cc4f8e59492)
validate (macos-latest)	Unit and integration tests	2026-10-08T01:01:51.6967770Z
validate (macos-latest)	Unit and integration tests	2026-10-08T01:01:51.6968700Z running 7 tests
validate (macos-latest)	Unit and integration tests	2026-10-08T01:01:51.7828370Z test first_unknown_baseline_and_missing_provider_do_not_become_zero_or_normal ... ok
validate (macos-latest)	Unit and integration tests	2026-10-08T01:01:51.7875840Z test cumulative_counters_are_deltas_and_collector_sources_do_not_double_count ... ok
validate (macos-latest)	Unit and integration tests	2026-10-08T01:01:51.7919000Z test epochs_resets_and_stale_counters_are_not_inherited ... ok
validate (macos-latest)	Unit and integration tests	2026-10-08T01:01:51.8506110Z test pools_are_isolated_and_manual_estimates_do_not_change_actual_usage ... ok
validate (macos-latest)	Unit and integration tests	2026-10-08T01:01:51.8524950Z test quota_thresholds_reset_reobservation_and_persistent_pause_silence ... ok
validate (macos-latest)	Unit and integration tests	2026-10-08T01:01:51.8641160Z test reservations_share_pool_same_unit_and_are_soft_idempotent ... ok
validate (macos-latest)	Unit and integration tests	2026-10-08T01:01:52.0034710Z test restored_quota_requires_fresh_observation_and_event_ledgers_stay_immutable ... ok
validate (macos-latest)	Unit and integration tests	2026-10-08T01:01:52.0036130Z
validate (macos-latest)	Unit and integration tests	2026-10-08T01:01:52.0036970Z test result: ok. 7 passed; 0 failed; 0 ignored; 0 measured; 0 filtered out; finished in 0.31s
validate (macos-latest)	Unit and integration tests	2026-10-08T01:01:52.0038010Z
validate (macos-latest)	Unit and integration tests	2026-10-08T01:01:52.0039000Z      Running tests/runner.rs (target/debug/deps/runner-c42524f01ec50873)
validate (macos-latest)	Unit and integration tests	2026-10-08T01:01:52.0100920Z
validate (macos-latest)	Unit and integration tests	2026-10-08T01:01:52.0102270Z running 19 tests
validate (macos-latest)	Unit and integration tests	2026-10-08T01:01:52.4196860Z test changed_script_and_agent_forged_trust_are_denied ... ok
validate (macos-latest)	Unit and integration tests	2026-10-08T01:01:52.6144950Z test cloud_helper_is_only_durable_intent ... ok
validate (macos-latest)	Unit and integration tests	2026-10-08T01:01:55.3810690Z test cross_project_heavy_capacity_is_one ... ok
validate (macos-latest)	Unit and integration tests	2026-10-08T01:01:55.6446310Z test explicit_script_input_change_requires_new_trust ... ok
validate (macos-latest)	Unit and integration tests	2026-10-08T01:02:05.2351220Z test canonical_mutex_survives_main_parent_death ... FAILED
validate (macos-latest)	Unit and integration tests	2026-10-08T01:02:05.7402980Z test legacy_bridge_absence_prevents_execution ... ok
validate (macos-latest)	Unit and integration tests	2026-10-08T01:02:05.7406500Z test legacy_lock_fixture ... ok
validate (macos-latest)	Unit and integration tests	2026-10-08T01:02:06.1090230Z test linked_slot_child_directory_cannot_redirect_state ... ok
validate (macos-latest)	Unit and integration tests	2026-10-08T01:02:08.6340180Z test local_auxiliary_provider_needs_registered_linked_workspace_and_capacity ... ok
validate (macos-latest)	Unit and integration tests	2026-10-08T01:02:08.8692100Z test killed_guardian_causes_negative_child_observation ... FAILED
validate (macos-latest)	Unit and integration tests	2026-10-08T01:02:09.8410960Z test parent_exit_does_not_release_living_child ... ok
validate (macos-latest)	Unit and integration tests	2026-10-08T01:02:10.2431650Z test synthetic_low_memory_defers_heavy_admission ... ok
validate (macos-latest)	Unit and integration tests	2026-10-08T01:02:10.7369770Z test source_mutation_during_check_is_stale ... ok
validate (macos-latest)	Unit and integration tests	2026-10-08T01:02:11.0756190Z test timeout_is_observed_without_success_evidence ... ok
validate (macos-latest)	Unit and integration tests	2026-10-08T01:02:11.3285400Z test trusted_typed_check_is_real_evidence ... ok
validate (macos-latest)	Unit and integration tests	2026-10-08T01:02:12.0922260Z test unknown_memory_requires_disclosed_exact_owner_override ... ok
validate (macos-latest)	Unit and integration tests	2026-10-08T01:02:12.1654840Z test unknown_and_zero_tests_do_not_pass ... ok
validate (macos-latest)	Unit and integration tests	2026-10-08T01:02:12.4506170Z test user_created_host_state_symlink_is_denied ... ok
validate (macos-latest)	Unit and integration tests	2026-10-08T01:02:17.0070960Z test canonical_legacy_and_pctx_exclude_each_other ... FAILED
validate (macos-latest)	Unit and integration tests	2026-10-08T01:02:17.0073370Z
validate (macos-latest)	Unit and integration tests	2026-10-08T01:02:17.0073630Z failures:
validate (macos-latest)	Unit and integration tests	2026-10-08T01:02:17.0075450Z
validate (macos-latest)	Unit and integration tests	2026-10-08T01:02:17.0075750Z ---- canonical_mutex_survives_main_parent_death stdout ----
validate (macos-latest)	Unit and integration tests	2026-10-08T01:02:17.0076110Z
validate (macos-latest)	Unit and integration tests	2026-10-08T01:02:17.0076370Z thread 'canonical_mutex_survives_main_parent_death' (16631) panicked at tests/runner.rs:152:17:
validate (macos-latest)	Unit and integration tests	2026-10-08T01:02:17.0078390Z Runner did not durably acknowledge guardian attachment; status=None stdout= stderr=. Native boot/start identity must be observable; sandbox denial does not qualify as bridge support.
validate (macos-latest)	Unit and integration tests	2026-10-08T01:02:17.0079230Z note: run with `RUST_BACKTRACE=1` environment variable to display a backtrace
validate (macos-latest)	Unit and integration tests	2026-10-08T01:02:17.0079490Z
validate (macos-latest)	Unit and integration tests	2026-10-08T01:02:17.0079700Z ---- killed_guardian_causes_negative_child_observation stdout ----
validate (macos-latest)	Unit and integration tests	2026-10-08T01:02:17.0080300Z
validate (macos-latest)	Unit and integration tests	2026-10-08T01:02:17.0080660Z thread 'killed_guardian_causes_negative_child_observation' (16828) panicked at tests/runner.rs:152:17:
validate (macos-latest)	Unit and integration tests	2026-10-08T01:02:17.0083090Z Runner did not durably acknowledge guardian attachment; status=None stdout= stderr=. Native boot/start identity must be observable; sandbox denial does not qualify as bridge support.
validate (macos-latest)	Unit and integration tests	2026-10-08T01:02:17.0083830Z
validate (macos-latest)	Unit and integration tests	2026-10-08T01:02:17.0087940Z ---- canonical_legacy_and_pctx_exclude_each_other stdout ----
validate (macos-latest)	Unit and integration tests	2026-10-08T01:02:17.0088200Z
validate (macos-latest)	Unit and integration tests	2026-10-08T01:02:17.0088410Z thread 'canonical_legacy_and_pctx_exclude_each_other' (16630) panicked at tests/runner.rs:152:17:
validate (macos-latest)	Unit and integration tests	2026-10-08T01:02:17.0089260Z Runner did not durably acknowledge guardian attachment; status=None stdout= stderr=. Native boot/start identity must be observable; sandbox denial does not qualify as bridge support.
validate (macos-latest)	Unit and integration tests	2026-10-08T01:02:17.0089820Z
validate (macos-latest)	Unit and integration tests	2026-10-08T01:02:17.0089820Z
validate (macos-latest)	Unit and integration tests	2026-10-08T01:02:17.0090000Z failures:
validate (macos-latest)	Unit and integration tests	2026-10-08T01:02:17.0091380Z     canonical_legacy_and_pctx_exclude_each_other
validate (macos-latest)	Unit and integration tests	2026-10-08T01:02:17.0091730Z     canonical_mutex_survives_main_parent_death
validate (macos-latest)	Unit and integration tests	2026-10-08T01:02:17.0092650Z     killed_guardian_causes_negative_child_observation
validate (macos-latest)	Unit and integration tests	2026-10-08T01:02:17.0094340Z
validate (macos-latest)	Unit and integration tests	2026-10-08T01:02:17.0095940Z test result: FAILED. 16 passed; 3 failed; 0 ignored; 0 measured; 0 filtered out; finished in 25.00s
validate (macos-latest)	Unit and integration tests	2026-10-08T01:02:17.0096640Z
validate (macos-latest)	Unit and integration tests	2026-10-08T01:02:17.0162250Z error: test failed, to rerun pass `--test runner`
validate (macos-latest)	Unit and integration tests	2026-10-08T01:02:17.0286740Z ##[error]Process completed with exit code 101.
